-- MySQL dump 10.13  Distrib 8.0.45, for Linux (x86_64)
--
-- Host: localhost    Database: laravel
-- ------------------------------------------------------
-- Server version	8.0.45

/*!40101 SET @OLD_CHARACTER_SET_CLIENT=@@CHARACTER_SET_CLIENT */;
/*!40101 SET @OLD_CHARACTER_SET_RESULTS=@@CHARACTER_SET_RESULTS */;
/*!40101 SET @OLD_COLLATION_CONNECTION=@@COLLATION_CONNECTION */;
/*!50503 SET NAMES utf8mb4 */;
/*!40103 SET @OLD_TIME_ZONE=@@TIME_ZONE */;
/*!40103 SET TIME_ZONE='+00:00' */;
/*!40014 SET @OLD_UNIQUE_CHECKS=@@UNIQUE_CHECKS, UNIQUE_CHECKS=0 */;
/*!40014 SET @OLD_FOREIGN_KEY_CHECKS=@@FOREIGN_KEY_CHECKS, FOREIGN_KEY_CHECKS=0 */;
/*!40101 SET @OLD_SQL_MODE=@@SQL_MODE, SQL_MODE='NO_AUTO_VALUE_ON_ZERO' */;
/*!40111 SET @OLD_SQL_NOTES=@@SQL_NOTES, SQL_NOTES=0 */;

--
-- Dumping data for table `questions`
--

LOCK TABLES `questions` WRITE;
/*!40000 ALTER TABLE `questions` DISABLE KEYS */;
INSERT INTO `questions` (`id`, `part`, `text`, `image`, `created_at`, `updated_at`, `number`) VALUES (1,1,'e e f g g h i i',NULL,'2025-09-01 02:38:04','2025-09-01 02:38:04',1),(2,1,'a z a y b z b y c',NULL,'2025-09-01 02:38:04','2025-09-01 02:38:04',2),(3,1,'d e f d e f g h i',NULL,'2025-09-01 02:38:04','2025-09-01 02:38:04',3),(4,1,'c d e x y z f g h x y z',NULL,'2025-09-01 02:38:04','2025-09-01 02:38:04',4),(5,1,'d e f d e g d e',NULL,'2025-09-01 02:38:04','2025-09-01 02:38:04',5),(6,1,'a b c z a b c y a b c',NULL,'2025-09-01 02:38:04','2025-09-01 02:38:04',6),(7,1,'f g b h i b j k b',NULL,'2025-09-01 02:38:04','2025-09-01 02:38:04',7),(8,1,'t s r t s r t s',NULL,'2025-09-01 02:38:04','2025-09-01 02:38:04',8),(9,1,'a r b s c t a r b',NULL,'2025-09-01 02:38:04','2025-09-01 02:38:04',9),(10,1,'b c c d e e f g',NULL,'2025-09-01 02:38:04','2025-09-01 02:38:04',10),(11,1,'e f h i k l',NULL,'2025-09-01 02:38:04','2025-09-01 02:38:04',11),(12,1,'a b c c d e f f g',NULL,'2025-09-01 02:38:04','2025-09-01 02:38:04',12),(13,1,'a m n b o p c',NULL,'2025-09-01 02:38:04','2025-09-01 02:38:04',13),(14,1,'t t t s s r q q q p',NULL,'2025-09-01 02:38:04','2025-09-01 02:38:04',14),(15,1,'d d f f h h j j',NULL,'2025-09-01 02:38:04','2025-09-01 02:38:04',15),(16,1,'m n m n k l o p o p k l',NULL,'2025-09-01 02:38:04','2025-09-01 02:38:04',16),(17,1,'c d d e e e f f f',NULL,'2025-09-01 02:38:04','2025-09-01 02:38:04',17),(18,1,'g f e d',NULL,'2025-09-01 02:38:04','2025-09-01 02:38:04',18),(19,1,'d f h j l',NULL,'2025-09-01 02:38:04','2025-09-01 02:38:04',19),(20,1,'a b c i j d e f i j',NULL,'2025-09-01 02:38:04','2025-09-01 02:38:04',20),(21,1,'e f g e f g h e f g h i',NULL,'2025-09-01 02:38:04','2025-09-01 02:38:04',21),(22,1,'b c b d e d f g f h i',NULL,'2025-09-01 02:38:04','2025-09-01 02:38:04',22),(23,1,'a a b a b c c d c',NULL,'2025-09-01 02:38:04','2025-09-01 02:38:04',23),(24,1,'a i b c i d e f',NULL,'2025-09-01 02:38:04','2025-09-01 02:38:04',24),(25,1,'c e h l',NULL,'2025-09-01 02:38:04','2025-09-01 02:38:04',25),(26,1,'a b d e h i m n',NULL,'2025-09-01 02:38:04','2025-09-01 02:38:04',26),(27,1,'b e c f d g e',NULL,'2025-09-01 02:38:04','2025-09-01 02:38:04',27),(28,1,'a g b h c',NULL,'2025-09-01 02:38:04','2025-09-01 02:38:04',28),(29,1,'a d h k o',NULL,'2025-09-01 02:38:04','2025-09-01 02:38:04',29),(30,1,'e f g h j k l n o',NULL,'2025-09-01 02:38:04','2025-09-01 02:38:04',30),(31,1,'a e i b f',NULL,'2025-09-01 02:38:04','2025-09-01 02:38:04',31),(32,1,'a e d h g',NULL,'2025-09-01 02:38:04','2025-09-01 02:38:04',32),(33,1,'z d w g t',NULL,'2025-09-01 02:38:04','2025-09-01 02:38:04',33),(34,1,'z e i y f j x g',NULL,'2025-09-01 02:38:04','2025-09-01 02:38:04',34),(35,1,'c q r e u v g',NULL,'2025-09-01 02:38:04','2025-09-01 02:38:04',35),(36,1,'k s j t i u h',NULL,'2025-09-01 02:38:04','2025-09-01 02:38:04',36),(37,1,'r s j t u h v w',NULL,'2025-09-01 02:38:04','2025-09-01 02:38:04',37),(38,1,'i e a j f b k',NULL,'2025-09-01 02:38:04','2025-09-01 02:38:04',38),(39,1,'h e b i f c j',NULL,'2025-09-01 02:38:04','2025-09-01 02:38:04',39),(40,1,'n j f m i e l',NULL,'2025-09-01 02:38:04','2025-09-01 02:38:04',40),(41,2,NULL,'q1.png','2025-09-09 02:54:04','2025-09-09 02:54:04',1),(42,2,NULL,'q2.png','2025-09-09 02:54:04','2025-09-09 02:54:04',2),(43,2,NULL,'q3.png','2025-09-09 02:54:04','2025-09-09 02:54:04',3),(44,2,NULL,'q4.png','2025-09-09 02:54:04','2025-09-09 02:54:04',4),(45,2,NULL,'q5.png','2025-09-09 02:54:04','2025-09-09 02:54:04',5),(46,2,NULL,'q6.png','2025-09-09 02:54:04','2025-09-09 02:54:04',6),(47,2,NULL,'q7.png','2025-09-09 02:54:04','2025-09-09 02:54:04',7),(48,2,NULL,'q8.png','2025-09-09 02:54:04','2025-09-09 02:54:04',8),(49,2,NULL,'q9.png','2025-09-09 02:54:04','2025-09-09 02:54:04',9),(50,2,NULL,'q10.png','2025-09-09 02:54:04','2025-09-09 02:54:04',10),(51,2,NULL,'q11.png','2025-09-09 02:54:04','2025-09-09 02:54:04',11),(52,2,NULL,'q12.png','2025-09-09 02:54:04','2025-09-09 02:54:04',12),(53,2,NULL,'q13.png','2025-09-09 02:54:04','2025-09-09 02:54:04',13),(54,2,NULL,'q14.png','2025-09-09 02:54:04','2025-09-09 02:54:04',14),(55,2,NULL,'q15.png','2025-09-09 02:54:04','2025-09-09 02:54:04',15),(56,2,NULL,'q16.png','2025-09-09 02:54:04','2025-09-09 02:54:04',16),(57,2,NULL,'q17.png','2025-09-09 02:54:04','2025-09-09 02:54:04',17),(58,2,NULL,'q18.png','2025-09-09 02:54:04','2025-09-09 02:54:04',18),(59,2,NULL,'q19.png','2025-09-09 02:54:04','2025-09-09 02:54:04',19),(60,2,NULL,'q20.png','2025-09-09 02:54:04','2025-09-09 02:54:04',20),(61,2,NULL,'q21.png','2025-09-09 02:54:04','2025-09-09 02:54:04',21),(62,2,NULL,'q22.png','2025-09-09 02:54:04','2025-09-09 02:54:04',22),(63,2,NULL,'q23.png','2025-09-09 02:54:04','2025-09-09 02:54:04',23),(64,2,NULL,'q24.png','2025-09-09 02:54:04','2025-09-09 02:54:04',24),(65,2,NULL,'q25.png','2025-09-09 02:54:04','2025-09-09 02:54:04',25),(66,2,NULL,'q26.png','2025-09-09 02:54:04','2025-09-09 02:54:04',26),(67,2,NULL,'q27.png','2025-09-09 02:54:04','2025-09-09 02:54:04',27),(68,2,NULL,'q28.png','2025-09-09 02:54:04','2025-09-09 02:54:04',28),(69,2,NULL,'q29.png','2025-09-09 02:54:04','2025-09-09 02:54:04',29),(70,2,NULL,'q30.png','2025-09-09 02:54:04','2025-09-09 02:54:04',30),(71,3,'或る数を10で割るはずのところ、逆に10を掛けてしまい100という答を得た。答はいくつでなければならなかったか。',NULL,'2025-09-25 00:56:29','2025-09-25 00:56:29',1),(72,3,'１２個の戸棚を置くのに１８メートルの巾が必要である。３０個の戸棚を置くには何メートルの巾が必要か。',NULL,'2025-09-25 00:56:29','2025-09-25 00:56:29',2),(73,3,'3人のプログラマーの時間給を平均すると95円である。1人のプログラマーが115円、もう１人が65円毎時稼ぐとすれば、残りの1人の時間給はいくらか。',NULL,'2025-09-25 00:56:29','2025-09-25 00:56:29',3),(74,3,'或る会社が年の初めに36台の穿孔機を設置した。春には更に9台加えたが、秋には18台解約した。年末には何台設置されていることになるか。',NULL,'2025-09-25 00:56:29','2025-09-25 00:56:29',4),(75,3,'ある週1人のプログラマーは労働時間の1/4をフローチャートの作成に、3/8をコーティングに、残りをプログラムの修正に費やした。その週、彼は48時間働いたとすると、プログラムの修正に何時間費やしたことになるのか。',NULL,'2025-09-25 00:56:29','2025-09-25 00:56:29',5),(76,3,'16階建で各階の床面積が12,000平方メートルのビルディングがある。A会社が7つの階を借り、B会社が4つの階を借りている。空いている床面積は何平方メートルか。',NULL,'2025-09-25 00:56:29','2025-09-25 00:56:29',6),(77,3,'A社は鉄鋼業市場の2/3を専有しており、A社の1日の売上げの3/4が75,000円であった。業界全体の1日の売上げ額はいくらか。',NULL,'2025-09-25 00:56:29','2025-09-25 00:56:29',7),(78,3,'ある報告書をタイプするため、タイピストに支払う金が2,000円ある。A嬢が42ページ、B嬢が28ページタイプすると、Ａ嬢はいくら受取るか。',NULL,'2025-09-25 00:56:29','2025-09-25 00:56:29',8),(79,3,'印刷装置を使って1日に176,400行印刷した。印刷装置をその日7時間稼動させたとすると1分間に何行印刷したことになるか。',NULL,'2025-09-25 00:56:29','2025-09-25 00:56:29',9),(80,3,'ある販売会社は１日の総収入のうち20,000円を宣伝費に使い、残りの半分を販売員の手数料として支払ったところ6,000円残った。1日の総収入はいくらだったか。',NULL,'2025-09-25 00:56:29','2025-09-25 00:56:29',10),(81,3,'30分に80枚のカードを穿孔することができるキーパンチオペレーターは、7時間半に何枚のカードを穿孔することができるか。',NULL,'2025-09-25 00:56:29','2025-09-25 00:56:29',11),(82,3,'みかん4個とりんご5個の値段があわせて160円であった。りんご1個の値段が20円とするとみかん1個の値段はいくらか。',NULL,'2025-09-25 00:56:29','2025-09-25 00:56:29',12),(83,3,'キーパンチオペレーターが月曜日に一束のカードを穿孔した。火曜日には月曜日の3倍、水曜日には4,000枚穿孔した。3日のうちにあわせて16,000枚穿孔した。火曜日には何枚穿孔したことになるか。',NULL,'2025-09-25 00:56:29','2025-09-25 00:56:29',13),(84,3,'計算機用テープライブラリーにテープ用の棚が2個あり、各々に40本のテープが入っている。或るとき30本のテープが使われた。棚に残ったテープを分数で表すと次のうちどれか。',NULL,'2025-09-25 00:56:29','2025-09-25 00:56:29',14),(85,3,'2台の計算機があって夫々1日に48,000枚の証書を作り出した。一つの計算機は1時間に9,600枚、もう一つの計算機は1時間に7,800枚の証書を作った。前者が仕事を完了したとき後者はあと何枚証書を作らなければならないか。',NULL,'2025-09-25 00:56:29','2025-09-25 00:56:29',15),(86,3,'ある会社は毎月700万円で計算機を借りている。5年経過してから会計係が計算してみると、もし計算機を購入していたら、毎月維持費を100万円支払ったとしても2,000万円節約できたであろうということが分かった。計算機の購入価格はいくらか。',NULL,'2025-09-25 00:56:29','2025-09-25 00:56:29',16),(87,3,'計算機用テープが3本ある。1本あたりの長さは平均すると6,800メートルである。但し、6,400メートルより短いテープは1本もない。可能性として一番長いテープは何メートルにまでなりうるか。',NULL,'2025-09-25 00:56:29','2025-09-25 00:56:29',17),(88,3,'1人のセールスマンが2週間に1度の割合で注文を獲得すれば、彼は会社の年間記録を破ることになる。しかしながら、52週間のうち28週間過ぎた時点で予定よりも注文が遅れている。記録を破るためには、以後どんな割合で注文をとればよいか。',NULL,'2025-09-25 00:56:29','2025-09-25 00:56:29',18),(89,3,'ある日、銀行は客から戻ってきた16,000枚の小切手を持っていた。800枚を検査したところ100枚に誤りがあった。そのため誤りの小切手はすぐには処理できなかった。この割合でいくと、その日すぐに処理できた小切手は何枚か。',NULL,'2025-09-25 00:56:29','2025-09-25 00:56:29',19),(90,3,'ある会社で男子従業員の20%、女子社員の40%が会社のピクニックに参加した。全従業員の35%が男子であれば、全従業員の何%がピクニックに行ったことになるか。',NULL,'2025-09-25 00:56:29','2025-09-25 00:56:29',20),(91,3,'ノート製造業者がAノートの価格を1冊当り30円から28円に下げ、Bノートの価格を1冊当り24円から23円に下げた。ある事務所はこれまで毎月ノートに1,440円使い、その3/4がAノートに費やされてきた。新しい価格では毎月いくら節約できるか。',NULL,'2025-09-25 00:56:29','2025-09-25 00:56:29',21),(92,3,'12人で構成されるプログラミング・ティームがある。そのうち1/3が女子、2/3が男子である。女子の比率を20%にするには男子を何人雇えばいいか。',NULL,'2025-09-25 00:56:29','2025-09-25 00:56:29',22),(93,3,'寸法が48×30×52メートルの機械がある。もし機械が各辺比例して大きくなり、寸法の和が156メートルになったとしたら、最も短い辺は何メートルになるか。',NULL,'2025-09-25 00:56:29','2025-09-25 00:56:29',23),(94,3,'ある会社で応接室に敷くカーペットが37.8平方メートル必要になり、無駄をみこんで必要量より20%多く注文することに決定した。カーペットは平方メートル以下の単位で発注することはできない。1平方メートル当り9千円とすると全体でいくらになるか。',NULL,'2025-09-25 00:56:29','2025-09-25 00:56:29',24),(95,3,'フットボール大会のプログラムを作るのに１部70円かかる。もし広告料が1,500,000円得られるとしたら、800,000円の利益をあげるために１部50円のプログラムを何部売らなければならないか。',NULL,'2025-09-25 00:56:29','2025-09-25 00:56:29',25);
/*!40000 ALTER TABLE `questions` ENABLE KEYS */;
UNLOCK TABLES;

--
-- Dumping data for table `choices`
--

LOCK TABLES `choices` WRITE;
/*!40000 ALTER TABLE `choices` DISABLE KEYS */;
INSERT INTO `choices` (`id`, `question_id`, `part`, `label`, `text`, `image`, `is_correct`, `created_at`, `updated_at`) VALUES (1,1,'1','A','f',NULL,0,'2025-09-01 02:43:20','2025-09-01 02:43:20'),(2,1,'1','B','g',NULL,0,'2025-09-01 02:43:20','2025-09-01 02:43:20'),(3,1,'1','C','h',NULL,0,'2025-09-01 02:43:20','2025-09-01 02:43:20'),(4,1,'1','D','i',NULL,0,'2025-09-01 02:43:20','2025-09-01 02:43:20'),(5,1,'1','E','j',NULL,1,'2025-09-01 02:43:20','2025-09-01 02:43:20'),(6,2,'1','A','a',NULL,0,'2025-09-01 02:43:20','2025-09-01 02:43:20'),(7,2,'1','B','c',NULL,0,'2025-09-01 02:43:20','2025-09-01 02:43:20'),(8,2,'1','C','x',NULL,0,'2025-09-01 02:43:20','2025-09-01 02:43:20'),(9,2,'1','D','y',NULL,0,'2025-09-01 02:43:20','2025-09-01 02:43:20'),(10,2,'1','E','z',NULL,1,'2025-09-01 02:43:20','2025-09-01 02:43:20'),(11,3,'1','A','d',NULL,0,'2025-09-01 02:43:20','2025-09-01 02:43:20'),(12,3,'1','B','e',NULL,0,'2025-09-01 02:43:20','2025-09-01 02:43:20'),(13,3,'1','C','f',NULL,0,'2025-09-01 02:43:20','2025-09-01 02:43:20'),(14,3,'1','D','g',NULL,1,'2025-09-01 02:43:20','2025-09-01 02:43:20'),(15,3,'1','E','h',NULL,0,'2025-09-01 02:43:20','2025-09-01 02:43:20'),(16,4,'1','A','i',NULL,1,'2025-09-01 02:43:20','2025-09-01 02:43:20'),(17,4,'1','B','j',NULL,0,'2025-09-01 02:43:20','2025-09-01 02:43:20'),(18,4,'1','C','k',NULL,0,'2025-09-01 02:43:20','2025-09-01 02:43:20'),(19,4,'1','D','l',NULL,0,'2025-09-01 02:43:20','2025-09-01 02:43:20'),(20,4,'1','E','m',NULL,0,'2025-09-01 02:43:20','2025-09-01 02:43:20'),(21,5,'1','A','d',NULL,0,'2025-09-01 02:43:20','2025-09-01 02:43:20'),(22,5,'1','B','f',NULL,0,'2025-09-01 02:43:20','2025-09-01 02:43:20'),(23,5,'1','C','g',NULL,0,'2025-09-01 02:43:20','2025-09-01 02:43:20'),(24,5,'1','D','h',NULL,1,'2025-09-01 02:43:20','2025-09-01 02:43:20'),(25,5,'1','E','i',NULL,0,'2025-09-01 02:43:20','2025-09-01 02:43:20'),(26,6,'1','A','a',NULL,0,'2025-09-01 02:43:20','2025-09-01 02:43:20'),(27,6,'1','B','b',NULL,0,'2025-09-01 02:43:20','2025-09-01 02:43:20'),(28,6,'1','C','x',NULL,1,'2025-09-01 02:43:20','2025-09-01 02:43:20'),(29,6,'1','D','y',NULL,0,'2025-09-01 02:43:20','2025-09-01 02:43:20'),(30,6,'1','E','z',NULL,0,'2025-09-01 02:43:20','2025-09-01 02:43:20'),(31,7,'1','A','b',NULL,0,'2025-09-01 02:43:20','2025-09-01 02:43:20'),(32,7,'1','B','e',NULL,0,'2025-09-01 02:43:20','2025-09-01 02:43:20'),(33,7,'1','C','l',NULL,1,'2025-09-01 02:43:20','2025-09-01 02:43:20'),(34,7,'1','D','m',NULL,0,'2025-09-01 02:43:20','2025-09-01 02:43:20'),(35,7,'1','E','n',NULL,0,'2025-09-01 02:43:20','2025-09-01 02:43:20'),(36,8,'1','A','r',NULL,1,'2025-09-01 02:43:20','2025-09-01 02:43:20'),(37,8,'1','B','s',NULL,0,'2025-09-01 02:43:20','2025-09-01 02:43:20'),(38,8,'1','C','t',NULL,0,'2025-09-01 02:43:20','2025-09-01 02:43:20'),(39,8,'1','D','v',NULL,0,'2025-09-01 02:43:20','2025-09-01 02:43:20'),(40,8,'1','E','w',NULL,0,'2025-09-01 02:43:20','2025-09-01 02:43:20'),(41,9,'1','A','a',NULL,0,'2025-09-01 02:43:20','2025-09-01 02:43:20'),(42,9,'1','B','b',NULL,0,'2025-09-01 02:43:20','2025-09-01 02:43:20'),(43,9,'1','C','c',NULL,0,'2025-09-01 02:43:20','2025-09-01 02:43:20'),(44,9,'1','D','r',NULL,0,'2025-09-01 02:43:20','2025-09-01 02:43:20'),(45,9,'1','E','s',NULL,1,'2025-09-01 02:43:20','2025-09-01 02:43:20'),(46,10,'1','A','e',NULL,0,'2025-09-01 02:43:20','2025-09-01 02:43:20'),(47,10,'1','B','f',NULL,0,'2025-09-01 02:43:20','2025-09-01 02:43:20'),(48,10,'1','C','g',NULL,1,'2025-09-01 02:43:20','2025-09-01 02:43:20'),(49,10,'1','D','h',NULL,0,'2025-09-01 02:43:20','2025-09-01 02:43:20'),(50,10,'1','E','i',NULL,0,'2025-09-01 02:43:20','2025-09-01 02:43:20'),(51,11,'1','A','m',NULL,0,'2025-09-01 02:43:20','2025-09-01 02:43:20'),(52,11,'1','B','n',NULL,1,'2025-09-01 02:43:20','2025-09-01 02:43:20'),(53,11,'1','C','o',NULL,0,'2025-09-01 02:43:20','2025-09-01 02:43:20'),(54,11,'1','D','p',NULL,0,'2025-09-01 02:43:20','2025-09-01 02:43:20'),(55,11,'1','E','q',NULL,0,'2025-09-01 02:43:20','2025-09-01 02:43:20'),(56,12,'1','A','e',NULL,0,'2025-09-01 02:43:20','2025-09-01 02:43:20'),(57,12,'1','B','f',NULL,0,'2025-09-01 02:43:20','2025-09-01 02:43:20'),(58,12,'1','C','g',NULL,0,'2025-09-01 02:43:20','2025-09-01 02:43:20'),(59,12,'1','D','h',NULL,1,'2025-09-01 02:43:20','2025-09-01 02:43:20'),(60,12,'1','E','i',NULL,0,'2025-09-01 02:43:20','2025-09-01 02:43:20'),(61,13,'1','A','d',NULL,0,'2025-09-01 02:43:20','2025-09-01 02:43:20'),(62,13,'1','B','e',NULL,0,'2025-09-01 02:43:20','2025-09-01 02:43:20'),(63,13,'1','C','p',NULL,0,'2025-09-01 02:43:20','2025-09-01 02:43:20'),(64,13,'1','D','q',NULL,1,'2025-09-01 02:43:20','2025-09-01 02:43:20'),(65,13,'1','E','r',NULL,0,'2025-09-01 02:43:20','2025-09-01 02:43:20'),(66,14,'1','A','o',NULL,0,'2025-09-01 02:43:20','2025-09-01 02:43:20'),(67,14,'1','B','p',NULL,1,'2025-09-01 02:43:20','2025-09-01 02:43:20'),(68,14,'1','C','q',NULL,0,'2025-09-01 02:43:20','2025-09-01 02:43:20'),(69,14,'1','D','r',NULL,0,'2025-09-01 02:43:20','2025-09-01 02:43:20'),(70,14,'1','E','s',NULL,0,'2025-09-01 02:43:20','2025-09-01 02:43:20'),(71,15,'1','A','i',NULL,0,'2025-09-01 02:43:20','2025-09-01 02:43:20'),(72,15,'1','B','j',NULL,0,'2025-09-01 02:43:20','2025-09-01 02:43:20'),(73,15,'1','C','k',NULL,0,'2025-09-01 02:43:20','2025-09-01 02:43:20'),(74,15,'1','D','l',NULL,1,'2025-09-01 02:43:20','2025-09-01 02:43:20'),(75,15,'1','E','m',NULL,0,'2025-09-01 02:43:20','2025-09-01 02:43:20'),(76,16,'1','A','k',NULL,0,'2025-09-01 02:43:20','2025-09-01 02:43:20'),(77,16,'1','B','o',NULL,0,'2025-09-01 02:43:20','2025-09-01 02:43:20'),(78,16,'1','C','p',NULL,0,'2025-09-01 02:43:20','2025-09-01 02:43:20'),(79,16,'1','D','q',NULL,1,'2025-09-01 02:43:20','2025-09-01 02:43:20'),(80,16,'1','E','r',NULL,0,'2025-09-01 02:43:20','2025-09-01 02:43:20'),(81,17,'1','A','e',NULL,0,'2025-09-01 02:43:20','2025-09-01 02:43:20'),(82,17,'1','B','f',NULL,1,'2025-09-01 02:43:20','2025-09-01 02:43:20'),(83,17,'1','C','g',NULL,0,'2025-09-01 02:43:20','2025-09-01 02:43:20'),(84,17,'1','D','h',NULL,0,'2025-09-01 02:43:20','2025-09-01 02:43:20'),(85,17,'1','E','j',NULL,0,'2025-09-01 02:43:20','2025-09-01 02:43:20'),(86,18,'1','A','b',NULL,0,'2025-09-01 02:43:20','2025-09-01 02:43:20'),(87,18,'1','B','c',NULL,1,'2025-09-01 02:43:20','2025-09-01 02:43:20'),(88,18,'1','C','f',NULL,0,'2025-09-01 02:43:20','2025-09-01 02:43:20'),(89,18,'1','D','g',NULL,0,'2025-09-01 02:43:20','2025-09-01 02:43:20'),(90,18,'1','E','h',NULL,0,'2025-09-01 02:43:20','2025-09-01 02:43:20'),(91,19,'1','A','j',NULL,0,'2025-09-01 02:43:20','2025-09-01 02:43:20'),(92,19,'1','B','k',NULL,0,'2025-09-01 02:43:20','2025-09-01 02:43:20'),(93,19,'1','C','l',NULL,0,'2025-09-01 02:43:20','2025-09-01 02:43:20'),(94,19,'1','D','m',NULL,1,'2025-09-01 02:43:20','2025-09-01 02:43:20'),(95,19,'1','E','n',NULL,0,'2025-09-01 02:43:20','2025-09-01 02:43:20'),(96,20,'1','A','g',NULL,1,'2025-09-01 02:43:20','2025-09-01 02:43:20'),(97,20,'1','B','h',NULL,0,'2025-09-01 02:43:20','2025-09-01 02:43:20'),(98,20,'1','C','i',NULL,0,'2025-09-01 02:43:20','2025-09-01 02:43:20'),(99,20,'1','D','j',NULL,0,'2025-09-01 02:43:20','2025-09-01 02:43:20'),(100,20,'1','E','k',NULL,0,'2025-09-01 02:43:20','2025-09-01 02:43:20'),(101,21,'1','A','e',NULL,1,'2025-09-01 02:43:20','2025-09-01 02:43:20'),(102,21,'1','B','g',NULL,0,'2025-09-01 02:43:20','2025-09-01 02:43:20'),(103,21,'1','C','i',NULL,0,'2025-09-01 02:43:20','2025-09-01 02:43:20'),(104,21,'1','D','j',NULL,0,'2025-09-01 02:43:20','2025-09-01 02:43:20'),(105,21,'1','E','l',NULL,0,'2025-09-01 02:43:20','2025-09-01 02:43:20'),(106,22,'1','A','f',NULL,0,'2025-09-01 02:43:20','2025-09-01 02:43:20'),(107,22,'1','B','g',NULL,0,'2025-09-01 02:43:20','2025-09-01 02:43:20'),(108,22,'1','C','h',NULL,1,'2025-09-01 02:43:20','2025-09-01 02:43:20'),(109,22,'1','D','j',NULL,0,'2025-09-01 02:43:20','2025-09-01 02:43:20'),(110,22,'1','E','k',NULL,0,'2025-09-01 02:43:20','2025-09-01 02:43:20'),(111,23,'1','A','c',NULL,0,'2025-09-01 02:43:20','2025-09-01 02:43:20'),(112,23,'1','B','d',NULL,1,'2025-09-01 02:43:20','2025-09-01 02:43:20'),(113,23,'1','C','e',NULL,0,'2025-09-01 02:43:20','2025-09-01 02:43:20'),(114,23,'1','D','f',NULL,0,'2025-09-01 02:43:20','2025-09-01 02:43:20'),(115,23,'1','E','g',NULL,0,'2025-09-01 02:43:20','2025-09-01 02:43:20'),(116,24,'1','A','e',NULL,0,'2025-09-01 02:43:20','2025-09-01 02:43:20'),(117,24,'1','B','f',NULL,0,'2025-09-01 02:43:20','2025-09-01 02:43:20'),(118,24,'1','C','g',NULL,0,'2025-09-01 02:43:20','2025-09-01 02:43:20'),(119,24,'1','D','h',NULL,0,'2025-09-01 02:43:20','2025-09-01 02:43:20'),(120,24,'1','E','i',NULL,1,'2025-09-01 02:43:20','2025-09-01 02:43:20'),(121,25,'1','A','o',NULL,0,'2025-09-01 02:43:20','2025-09-01 02:43:20'),(122,25,'1','B','p',NULL,0,'2025-09-01 02:43:20','2025-09-01 02:43:20'),(123,25,'1','C','q',NULL,1,'2025-09-01 02:43:20','2025-09-01 02:43:20'),(124,25,'1','D','r',NULL,0,'2025-09-01 02:43:20','2025-09-01 02:43:20'),(125,25,'1','E','s',NULL,0,'2025-09-01 02:43:20','2025-09-01 02:43:20'),(126,26,'1','A','p',NULL,0,'2025-09-01 02:43:20','2025-09-01 02:43:20'),(127,26,'1','B','q',NULL,0,'2025-09-01 02:43:20','2025-09-01 02:43:20'),(128,26,'1','C','r',NULL,0,'2025-09-01 02:43:20','2025-09-01 02:43:20'),(129,26,'1','D','s',NULL,1,'2025-09-01 02:43:20','2025-09-01 02:43:20'),(130,26,'1','E','t',NULL,0,'2025-09-01 02:43:20','2025-09-01 02:43:20'),(131,27,'1','A','e',NULL,0,'2025-09-01 02:43:20','2025-09-01 02:43:20'),(132,27,'1','B','f',NULL,0,'2025-09-01 02:43:20','2025-09-01 02:43:20'),(133,27,'1','C','g',NULL,0,'2025-09-01 02:43:20','2025-09-01 02:43:20'),(134,27,'1','D','h',NULL,1,'2025-09-01 02:43:20','2025-09-01 02:43:20'),(135,27,'1','E','i',NULL,0,'2025-09-01 02:43:20','2025-09-01 02:43:20'),(136,28,'1','A','d',NULL,0,'2025-09-01 02:43:20','2025-09-01 02:43:20'),(137,28,'1','B','f',NULL,0,'2025-09-01 02:43:20','2025-09-01 02:43:20'),(138,28,'1','C','g',NULL,0,'2025-09-01 02:43:20','2025-09-01 02:43:20'),(139,28,'1','D','h',NULL,0,'2025-09-01 02:43:20','2025-09-01 02:43:20'),(140,28,'1','E','i',NULL,1,'2025-09-01 02:43:20','2025-09-01 02:43:20'),(141,29,'1','A','p',NULL,0,'2025-09-01 02:43:20','2025-09-01 02:43:20'),(142,29,'1','B','q',NULL,0,'2025-09-01 02:43:20','2025-09-01 02:43:20'),(143,29,'1','C','r',NULL,1,'2025-09-01 02:43:20','2025-09-01 02:43:20'),(144,29,'1','D','s',NULL,0,'2025-09-01 02:43:20','2025-09-01 02:43:20'),(145,29,'1','E','t',NULL,0,'2025-09-01 02:43:20','2025-09-01 02:43:20'),(146,30,'1','A','p',NULL,0,'2025-09-01 02:43:20','2025-09-01 02:43:20'),(147,30,'1','B','q',NULL,1,'2025-09-01 02:43:20','2025-09-01 02:43:20'),(148,30,'1','C','r',NULL,0,'2025-09-01 02:43:20','2025-09-01 02:43:20'),(149,30,'1','D','s',NULL,0,'2025-09-01 02:43:20','2025-09-01 02:43:20'),(150,30,'1','E','t',NULL,0,'2025-09-01 02:43:20','2025-09-01 02:43:20'),(151,31,'1','A','c',NULL,0,'2025-09-01 02:43:20','2025-09-01 02:43:20'),(152,31,'1','B','d',NULL,0,'2025-09-01 02:43:20','2025-09-01 02:43:20'),(153,31,'1','C','g',NULL,0,'2025-09-01 02:43:20','2025-09-01 02:43:20'),(154,31,'1','D','i',NULL,0,'2025-09-01 02:43:20','2025-09-01 02:43:20'),(155,31,'1','E','j',NULL,1,'2025-09-01 02:43:20','2025-09-01 02:43:20'),(156,32,'1','A','h',NULL,0,'2025-09-01 02:43:20','2025-09-01 02:43:20'),(157,32,'1','B','i',NULL,0,'2025-09-01 02:43:20','2025-09-01 02:43:20'),(158,32,'1','C','j',NULL,0,'2025-09-01 02:43:20','2025-09-01 02:43:20'),(159,32,'1','D','k',NULL,1,'2025-09-01 02:43:20','2025-09-01 02:43:20'),(160,32,'1','E','l',NULL,0,'2025-09-01 02:43:20','2025-09-01 02:43:20'),(161,33,'1','A','h',NULL,0,'2025-09-01 02:43:20','2025-09-01 02:43:20'),(162,33,'1','B','i',NULL,0,'2025-09-01 02:43:20','2025-09-01 02:43:20'),(163,33,'1','C','j',NULL,1,'2025-09-01 02:43:20','2025-09-01 02:43:20'),(164,33,'1','D','k',NULL,0,'2025-09-01 02:43:20','2025-09-01 02:43:20'),(165,33,'1','E','l',NULL,0,'2025-09-01 02:43:20','2025-09-01 02:43:20'),(166,34,'1','A','i',NULL,0,'2025-09-01 02:43:20','2025-09-01 02:43:20'),(167,34,'1','B','j',NULL,0,'2025-09-01 02:43:20','2025-09-01 02:43:20'),(168,34,'1','C','k',NULL,1,'2025-09-01 02:43:20','2025-09-01 02:43:20'),(169,34,'1','D','l',NULL,0,'2025-09-01 02:43:20','2025-09-01 02:43:20'),(170,34,'1','E','m',NULL,0,'2025-09-01 02:43:20','2025-09-01 02:43:20'),(171,35,'1','A','v',NULL,0,'2025-09-01 02:43:20','2025-09-01 02:43:20'),(172,35,'1','B','w',NULL,0,'2025-09-01 02:43:20','2025-09-01 02:43:20'),(173,35,'1','C','x',NULL,0,'2025-09-01 02:43:20','2025-09-01 02:43:20'),(174,35,'1','D','y',NULL,1,'2025-09-01 02:43:20','2025-09-01 02:43:20'),(175,35,'1','E','z',NULL,0,'2025-09-01 02:43:20','2025-09-01 02:43:20'),(176,36,'1','A','v',NULL,1,'2025-09-01 02:43:20','2025-09-01 02:43:20'),(177,36,'1','B','w',NULL,0,'2025-09-01 02:43:20','2025-09-01 02:43:20'),(178,36,'1','C','x',NULL,0,'2025-09-01 02:43:20','2025-09-01 02:43:20'),(179,36,'1','D','y',NULL,0,'2025-09-01 02:43:20','2025-09-01 02:43:20'),(180,36,'1','E','z',NULL,0,'2025-09-01 02:43:20','2025-09-01 02:43:20'),(181,37,'1','A','c',NULL,0,'2025-09-01 02:43:20','2025-09-01 02:43:20'),(182,37,'1','B','d',NULL,0,'2025-09-01 02:43:20','2025-09-01 02:43:20'),(183,37,'1','C','e',NULL,0,'2025-09-01 02:43:20','2025-09-01 02:43:20'),(184,37,'1','D','f',NULL,1,'2025-09-01 02:43:20','2025-09-01 02:43:20'),(185,37,'1','E','g',NULL,0,'2025-09-01 02:43:20','2025-09-01 02:43:20'),(186,38,'1','A','c',NULL,0,'2025-09-01 02:43:20','2025-09-01 02:43:20'),(187,38,'1','B','d',NULL,0,'2025-09-01 02:43:20','2025-09-01 02:43:20'),(188,38,'1','C','e',NULL,0,'2025-09-01 02:43:20','2025-09-01 02:43:20'),(189,38,'1','D','f',NULL,0,'2025-09-01 02:43:20','2025-09-01 02:43:20'),(190,38,'1','E','g',NULL,1,'2025-09-01 02:43:20','2025-09-01 02:43:20'),(191,39,'1','A','g',NULL,1,'2025-09-01 02:43:20','2025-09-01 02:43:20'),(192,39,'1','B','h',NULL,0,'2025-09-01 02:43:20','2025-09-01 02:43:20'),(193,39,'1','C','i',NULL,0,'2025-09-01 02:43:20','2025-09-01 02:43:20'),(194,39,'1','D','j',NULL,0,'2025-09-01 02:43:20','2025-09-01 02:43:20'),(195,39,'1','E','k',NULL,0,'2025-09-01 02:43:20','2025-09-01 02:43:20'),(196,40,'1','A','d',NULL,0,'2025-09-01 02:43:20','2025-09-01 02:43:20'),(197,40,'1','B','h',NULL,1,'2025-09-01 02:43:20','2025-09-01 02:43:20'),(198,40,'1','C','i',NULL,0,'2025-09-01 02:43:20','2025-09-01 02:43:20'),(199,40,'1','D','j',NULL,0,'2025-09-01 02:43:20','2025-09-01 02:43:20'),(200,40,'1','E','m',NULL,0,'2025-09-01 02:43:20','2025-09-01 02:43:20'),(201,41,'2','A',NULL,'q1c1.gif',0,'2025-09-10 03:00:53','2025-09-10 03:00:53'),(202,41,'2','B',NULL,'q1c2.gif',0,'2025-09-10 03:00:53','2025-09-10 03:00:53'),(203,41,'2','C',NULL,'q1c3.gif',1,'2025-09-10 03:00:53','2025-09-10 03:00:53'),(204,41,'2','D',NULL,'q1c4.gif',0,'2025-09-10 03:00:53','2025-09-10 03:00:53'),(205,41,'2','E',NULL,'q1c5.gif',0,'2025-09-10 03:00:53','2025-09-10 03:00:53'),(206,42,'2','A',NULL,'q2c1.gif',0,'2025-09-10 03:00:53','2025-09-10 03:00:53'),(207,42,'2','B',NULL,'q2c2.gif',0,'2025-09-10 03:00:53','2025-09-10 03:00:53'),(208,42,'2','C',NULL,'q2c3.gif',0,'2025-09-10 03:00:53','2025-09-10 03:00:53'),(209,42,'2','D',NULL,'q2c4.gif',1,'2025-09-10 03:00:53','2025-09-10 03:00:53'),(210,42,'2','E',NULL,'q2c5.gif',0,'2025-09-10 03:00:53','2025-09-10 03:00:53'),(211,43,'2','A',NULL,'q3c1.gif',0,'2025-09-10 03:00:53','2025-09-10 03:00:53'),(212,43,'2','B',NULL,'q3c2.gif',0,'2025-09-10 03:00:53','2025-09-10 03:00:53'),(213,43,'2','C',NULL,'q3c3.gif',0,'2025-09-10 03:00:53','2025-09-10 03:00:53'),(214,43,'2','D',NULL,'q3c4.gif',0,'2025-09-10 03:00:53','2025-09-10 03:00:53'),(215,43,'2','E',NULL,'q3c5.gif',1,'2025-09-10 03:00:53','2025-09-10 03:00:53'),(216,44,'2','A',NULL,'q4c1.gif',0,'2025-09-10 03:00:53','2025-09-10 03:00:53'),(217,44,'2','B',NULL,'q4c2.gif',1,'2025-09-10 03:00:53','2025-09-10 03:00:53'),(218,44,'2','C',NULL,'q4c3.gif',0,'2025-09-10 03:00:53','2025-09-10 03:00:53'),(219,44,'2','D',NULL,'q4c4.gif',0,'2025-09-10 03:00:53','2025-09-10 03:00:53'),(220,44,'2','E',NULL,'q4c5.gif',0,'2025-09-10 03:00:53','2025-09-10 03:00:53'),(221,45,'2','A',NULL,'q5c1.gif',0,'2025-09-10 03:00:53','2025-09-10 03:00:53'),(222,45,'2','B',NULL,'q5c2.gif',1,'2025-09-10 03:00:53','2025-09-10 03:00:53'),(223,45,'2','C',NULL,'q5c3.gif',0,'2025-09-10 03:00:53','2025-09-10 03:00:53'),(224,45,'2','D',NULL,'q5c4.gif',0,'2025-09-10 03:00:53','2025-09-10 03:00:53'),(225,45,'2','E',NULL,'q5c5.gif',0,'2025-09-10 03:00:53','2025-09-10 03:00:53'),(226,46,'2','A',NULL,'q6c1.gif',1,'2025-09-10 03:00:53','2025-09-10 03:00:53'),(227,46,'2','B',NULL,'q6c2.gif',0,'2025-09-10 03:00:53','2025-09-10 03:00:53'),(228,46,'2','C',NULL,'q6c3.gif',0,'2025-09-10 03:00:53','2025-09-10 03:00:53'),(229,46,'2','D',NULL,'q6c4.gif',0,'2025-09-10 03:00:53','2025-09-10 03:00:53'),(230,46,'2','E',NULL,'q6c5.gif',0,'2025-09-10 03:00:53','2025-09-10 03:00:53'),(231,47,'2','A',NULL,'q7c1.gif',0,'2025-09-10 03:00:53','2025-09-10 03:00:53'),(232,47,'2','B',NULL,'q7c2.gif',0,'2025-09-10 03:00:53','2025-09-10 03:00:53'),(233,47,'2','C',NULL,'q7c3.gif',1,'2025-09-10 03:00:53','2025-09-10 03:00:53'),(234,47,'2','D',NULL,'q7c4.gif',0,'2025-09-10 03:00:53','2025-09-10 03:00:53'),(235,47,'2','E',NULL,'q7c5.gif',0,'2025-09-10 03:00:53','2025-09-10 03:00:53'),(236,48,'2','A',NULL,'q8c1.gif',0,'2025-09-10 03:00:53','2025-09-10 03:00:53'),(237,48,'2','B',NULL,'q8c2.gif',0,'2025-09-10 03:00:53','2025-09-10 03:00:53'),(238,48,'2','C',NULL,'q8c3.gif',0,'2025-09-10 03:00:53','2025-09-10 03:00:53'),(239,48,'2','D',NULL,'q8c4.gif',0,'2025-09-10 03:00:53','2025-09-10 03:00:53'),(240,48,'2','E',NULL,'q8c5.gif',1,'2025-09-10 03:00:53','2025-09-10 03:00:53'),(241,49,'2','A',NULL,'q9c1.gif',0,'2025-09-10 03:00:53','2025-09-10 03:00:53'),(242,49,'2','B',NULL,'q9c2.gif',0,'2025-09-10 03:00:53','2025-09-10 03:00:53'),(243,49,'2','C',NULL,'q9c3.gif',1,'2025-09-10 03:00:53','2025-09-10 03:00:53'),(244,49,'2','D',NULL,'q9c4.gif',0,'2025-09-10 03:00:53','2025-09-10 03:00:53'),(245,49,'2','E',NULL,'q9c5.gif',0,'2025-09-10 03:00:53','2025-09-10 03:00:53'),(246,50,'2','A',NULL,'q10c1.gif',1,'2025-09-10 03:00:53','2025-09-10 03:00:53'),(247,50,'2','B',NULL,'q10c2.gif',0,'2025-09-10 03:00:53','2025-09-10 03:00:53'),(248,50,'2','C',NULL,'q10c3.gif',0,'2025-09-10 03:00:53','2025-09-10 03:00:53'),(249,50,'2','D',NULL,'q10c4.gif',0,'2025-09-10 03:00:53','2025-09-10 03:00:53'),(250,50,'2','E',NULL,'q10c5.gif',0,'2025-09-10 03:00:53','2025-09-10 03:00:53'),(251,51,'2','A',NULL,'q11c1.gif',0,'2025-09-10 03:00:53','2025-09-10 03:00:53'),(252,51,'2','B',NULL,'q11c2.gif',0,'2025-09-10 03:00:53','2025-09-10 03:00:53'),(253,51,'2','C',NULL,'q11c3.gif',0,'2025-09-10 03:00:53','2025-09-10 03:00:53'),(254,51,'2','D',NULL,'q11c4.gif',1,'2025-09-10 03:00:53','2025-09-10 03:00:53'),(255,51,'2','E',NULL,'q11c5.gif',0,'2025-09-10 03:00:53','2025-09-10 03:00:53'),(256,52,'2','A',NULL,'q12c1.gif',0,'2025-09-10 03:00:53','2025-09-10 03:00:53'),(257,52,'2','B',NULL,'q12c2.gif',0,'2025-09-10 03:00:53','2025-09-10 03:00:53'),(258,52,'2','C',NULL,'q12c3.gif',1,'2025-09-10 03:00:53','2025-09-10 03:00:53'),(259,52,'2','D',NULL,'q12c4.gif',0,'2025-09-10 03:00:53','2025-09-10 03:00:53'),(260,52,'2','E',NULL,'q12c5.gif',0,'2025-09-10 03:00:53','2025-09-10 03:00:53'),(261,53,'2','A',NULL,'q13c1.gif',0,'2025-09-10 03:00:53','2025-09-10 03:00:53'),(262,53,'2','B',NULL,'q13c2.gif',0,'2025-09-10 03:00:53','2025-09-10 03:00:53'),(263,53,'2','C',NULL,'q13c3.gif',0,'2025-09-10 03:00:53','2025-09-10 03:00:53'),(264,53,'2','D',NULL,'q13c4.gif',1,'2025-09-10 03:00:53','2025-09-10 03:00:53'),(265,53,'2','E',NULL,'q13c5.gif',0,'2025-09-10 03:00:53','2025-09-10 03:00:53'),(266,54,'2','A',NULL,'q14c1.gif',1,'2025-09-10 03:00:53','2025-09-10 03:00:53'),(267,54,'2','B',NULL,'q14c2.gif',0,'2025-09-10 03:00:53','2025-09-10 03:00:53'),(268,54,'2','C',NULL,'q14c3.gif',0,'2025-09-10 03:00:53','2025-09-10 03:00:53'),(269,54,'2','D',NULL,'q14c4.gif',0,'2025-09-10 03:00:53','2025-09-10 03:00:53'),(270,54,'2','E',NULL,'q14c5.gif',0,'2025-09-10 03:00:53','2025-09-10 03:00:53'),(271,55,'2','A',NULL,'q15c1.gif',1,'2025-09-10 03:00:53','2025-09-10 03:00:53'),(272,55,'2','B',NULL,'q15c2.gif',0,'2025-09-10 03:00:53','2025-09-10 03:00:53'),(273,55,'2','C',NULL,'q15c3.gif',0,'2025-09-10 03:00:53','2025-09-10 03:00:53'),(274,55,'2','D',NULL,'q15c4.gif',0,'2025-09-10 03:00:53','2025-09-10 03:00:53'),(275,55,'2','E',NULL,'q15c5.gif',0,'2025-09-10 03:00:53','2025-09-10 03:00:53'),(276,56,'2','A',NULL,'q16c1.gif',0,'2025-09-10 03:00:53','2025-09-10 03:00:53'),(277,56,'2','B',NULL,'q16c2.gif',0,'2025-09-10 03:00:53','2025-09-10 03:00:53'),(278,56,'2','C',NULL,'q16c3.gif',0,'2025-09-10 03:00:53','2025-09-10 03:00:53'),(279,56,'2','D',NULL,'q16c4.gif',1,'2025-09-10 03:00:53','2025-09-10 03:00:53'),(280,56,'2','E',NULL,'q16c5.gif',0,'2025-09-10 03:00:53','2025-09-10 03:00:53'),(281,57,'2','A',NULL,'q17c1.gif',0,'2025-09-10 03:00:53','2025-09-10 03:00:53'),(282,57,'2','B',NULL,'q17c2.gif',1,'2025-09-10 03:00:53','2025-09-10 03:00:53'),(283,57,'2','C',NULL,'q17c3.gif',0,'2025-09-10 03:00:53','2025-09-10 03:00:53'),(284,57,'2','D',NULL,'q17c4.gif',0,'2025-09-10 03:00:53','2025-09-10 03:00:53'),(285,57,'2','E',NULL,'q17c5.gif',0,'2025-09-10 03:00:53','2025-09-10 03:00:53'),(286,58,'2','A',NULL,'q18c1.gif',0,'2025-09-10 03:00:53','2025-09-10 03:00:53'),(287,58,'2','B',NULL,'q18c2.gif',0,'2025-09-10 03:00:53','2025-09-10 03:00:53'),(288,58,'2','C',NULL,'q18c3.gif',1,'2025-09-10 03:00:53','2025-09-10 03:00:53'),(289,58,'2','D',NULL,'q18c4.gif',0,'2025-09-10 03:00:53','2025-09-10 03:00:53'),(290,58,'2','E',NULL,'q18c5.gif',0,'2025-09-10 03:00:53','2025-09-10 03:00:53'),(291,59,'2','A',NULL,'q19c1.gif',1,'2025-09-10 03:00:53','2025-09-10 03:00:53'),(292,59,'2','B',NULL,'q19c2.gif',0,'2025-09-10 03:00:53','2025-09-10 03:00:53'),(293,59,'2','C',NULL,'q19c3.gif',0,'2025-09-10 03:00:53','2025-09-10 03:00:53'),(294,59,'2','D',NULL,'q19c4.gif',0,'2025-09-10 03:00:53','2025-09-10 03:00:53'),(295,59,'2','E',NULL,'q19c5.gif',0,'2025-09-10 03:00:53','2025-09-10 03:00:53'),(296,60,'2','A',NULL,'q20c1.gif',0,'2025-09-10 03:00:53','2025-09-10 03:00:53'),(297,60,'2','B',NULL,'q20c2.gif',0,'2025-09-10 03:00:53','2025-09-10 03:00:53'),(298,60,'2','C',NULL,'q20c3.gif',0,'2025-09-10 03:00:53','2025-09-10 03:00:53'),(299,60,'2','D',NULL,'q20c4.gif',1,'2025-09-10 03:00:53','2025-09-10 03:00:53'),(300,60,'2','E',NULL,'q20c5.gif',0,'2025-09-10 03:00:53','2025-09-10 03:00:53'),(301,61,'2','A',NULL,'q21c1.gif',1,'2025-09-10 03:00:53','2025-09-10 03:00:53'),(302,61,'2','B',NULL,'q21c2.gif',0,'2025-09-10 03:00:53','2025-09-10 03:00:53'),(303,61,'2','C',NULL,'q21c3.gif',0,'2025-09-10 03:00:53','2025-09-10 03:00:53'),(304,61,'2','D',NULL,'q21c4.gif',0,'2025-09-10 03:00:53','2025-09-10 03:00:53'),(305,61,'2','E',NULL,'q21c5.gif',0,'2025-09-10 03:00:53','2025-09-10 03:00:53'),(306,62,'2','A',NULL,'q22c1.gif',0,'2025-09-10 03:00:53','2025-09-10 03:00:53'),(307,62,'2','B',NULL,'q22c2.gif',0,'2025-09-10 03:00:53','2025-09-10 03:00:53'),(308,62,'2','C',NULL,'q22c3.gif',1,'2025-09-10 03:00:53','2025-09-10 03:00:53'),(309,62,'2','D',NULL,'q22c4.gif',0,'2025-09-10 03:00:53','2025-09-10 03:00:53'),(310,62,'2','E',NULL,'q22c5.gif',0,'2025-09-10 03:00:53','2025-09-10 03:00:53'),(311,63,'2','A',NULL,'q23c1.gif',0,'2025-09-10 03:00:53','2025-09-10 03:00:53'),(312,63,'2','B',NULL,'q23c2.gif',1,'2025-09-10 03:00:53','2025-09-10 03:00:53'),(313,63,'2','C',NULL,'q23c3.gif',0,'2025-09-10 03:00:53','2025-09-10 03:00:53'),(314,63,'2','D',NULL,'q23c4.gif',0,'2025-09-10 03:00:53','2025-09-10 03:00:53'),(315,63,'2','E',NULL,'q23c5.gif',0,'2025-09-10 03:00:53','2025-09-10 03:00:53'),(316,64,'2','A',NULL,'q24c1.gif',0,'2025-09-10 03:00:53','2025-09-10 03:00:53'),(317,64,'2','B',NULL,'q24c2.gif',1,'2025-09-10 03:00:53','2025-09-10 03:00:53'),(318,64,'2','C',NULL,'q24c3.gif',0,'2025-09-10 03:00:53','2025-09-10 03:00:53'),(319,64,'2','D',NULL,'q24c4.gif',0,'2025-09-10 03:00:53','2025-09-10 03:00:53'),(320,64,'2','E',NULL,'q24c5.gif',0,'2025-09-10 03:00:53','2025-09-10 03:00:53'),(321,65,'2','A',NULL,'q25c1.gif',0,'2025-09-10 03:00:53','2025-09-10 03:00:53'),(322,65,'2','B',NULL,'q25c2.gif',0,'2025-09-10 03:00:53','2025-09-10 03:00:53'),(323,65,'2','C',NULL,'q25c3.gif',0,'2025-09-10 03:00:53','2025-09-10 03:00:53'),(324,65,'2','D',NULL,'q25c4.gif',0,'2025-09-10 03:00:53','2025-09-10 03:00:53'),(325,65,'2','E',NULL,'q25c5.gif',1,'2025-09-10 03:00:53','2025-09-10 03:00:53'),(326,66,'2','A',NULL,'q26c1.gif',1,'2025-09-10 03:00:53','2025-09-10 03:00:53'),(327,66,'2','B',NULL,'q26c2.gif',0,'2025-09-10 03:00:53','2025-09-10 03:00:53'),(328,66,'2','C',NULL,'q26c3.gif',0,'2025-09-10 03:00:53','2025-09-10 03:00:53'),(329,66,'2','D',NULL,'q26c4.gif',0,'2025-09-10 03:00:53','2025-09-10 03:00:53'),(330,66,'2','E',NULL,'q26c5.gif',0,'2025-09-10 03:00:53','2025-09-10 03:00:53'),(331,67,'2','A',NULL,'q27c1.gif',0,'2025-09-10 03:00:53','2025-09-10 03:00:53'),(332,67,'2','B',NULL,'q27c2.gif',0,'2025-09-10 03:00:53','2025-09-10 03:00:53'),(333,67,'2','C',NULL,'q27c3.gif',0,'2025-09-10 03:00:53','2025-09-10 03:00:53'),(334,67,'2','D',NULL,'q27c4.gif',0,'2025-09-10 03:00:53','2025-09-10 03:00:53'),(335,67,'2','E',NULL,'q27c5.gif',1,'2025-09-10 03:00:53','2025-09-10 03:00:53'),(336,68,'2','A',NULL,'q28c1.gif',0,'2025-09-10 03:00:53','2025-09-10 03:00:53'),(337,68,'2','B',NULL,'q28c2.gif',0,'2025-09-10 03:00:53','2025-09-10 03:00:53'),(338,68,'2','C',NULL,'q28c3.gif',0,'2025-09-10 03:00:53','2025-09-10 03:00:53'),(339,68,'2','D',NULL,'q28c4.gif',0,'2025-09-10 03:00:53','2025-09-10 03:00:53'),(340,68,'2','E',NULL,'q28c5.gif',1,'2025-09-10 03:00:53','2025-09-10 03:00:53'),(341,69,'2','A',NULL,'q29c1.gif',0,'2025-09-10 03:00:53','2025-09-10 03:00:53'),(342,69,'2','B',NULL,'q29c2.gif',0,'2025-09-10 03:00:53','2025-09-10 03:00:53'),(343,69,'2','C',NULL,'q29c3.gif',0,'2025-09-10 03:00:53','2025-09-10 03:00:53'),(344,69,'2','D',NULL,'q29c4.gif',0,'2025-09-10 03:00:53','2025-09-10 03:00:53'),(345,69,'2','E',NULL,'q29c5.gif',1,'2025-09-10 03:00:53','2025-09-10 03:00:53'),(346,70,'2','A',NULL,'q30c1.gif',0,'2025-09-10 03:00:53','2025-09-10 03:00:53'),(347,70,'2','B',NULL,'q30c2.gif',0,'2025-09-10 03:00:53','2025-09-10 03:00:53'),(348,70,'2','C',NULL,'q30c3.gif',0,'2025-09-10 03:00:53','2025-09-10 03:00:53'),(349,70,'2','D',NULL,'q30c4.gif',1,'2025-09-10 03:00:53','2025-09-10 03:00:53'),(350,70,'2','E',NULL,'q30c5.gif',0,'2025-09-10 03:00:53','2025-09-10 03:00:53'),(351,71,'3','A','1',NULL,1,'2025-09-25 01:08:05','2025-09-25 01:08:05'),(352,71,'3','B','10',NULL,0,'2025-09-25 01:08:05','2025-09-25 01:08:05'),(353,71,'3','C','100',NULL,0,'2025-09-25 01:08:05','2025-09-25 01:08:05'),(354,71,'3','D','1,000',NULL,0,'2025-09-25 01:08:05','2025-09-25 01:08:05'),(355,71,'3','E','10,000',NULL,0,'2025-09-25 01:08:05','2025-09-25 01:08:05'),(356,72,'3','A','36メートル',NULL,0,'2025-09-25 01:08:05','2025-09-25 01:08:05'),(357,72,'3','B','40メートル',NULL,0,'2025-09-25 01:08:05','2025-09-25 01:08:05'),(358,72,'3','C','45メートル',NULL,1,'2025-09-25 01:08:05','2025-09-25 01:08:05'),(359,72,'3','D','48メートル',NULL,0,'2025-09-25 01:08:05','2025-09-25 01:08:05'),(360,72,'3','E','72メートル',NULL,0,'2025-09-25 01:08:05','2025-09-25 01:08:05'),(361,73,'3','A','95円',NULL,0,'2025-09-25 01:08:05','2025-09-25 01:08:05'),(362,73,'3','B','105円',NULL,1,'2025-09-25 01:08:05','2025-09-25 01:08:05'),(363,73,'3','C','115円',NULL,0,'2025-09-25 01:08:05','2025-09-25 01:08:05'),(364,73,'3','D','160円',NULL,0,'2025-09-25 01:08:05','2025-09-25 01:08:05'),(365,73,'3','E','180円',NULL,0,'2025-09-25 01:08:05','2025-09-25 01:08:05'),(366,74,'3','A','9',NULL,0,'2025-09-25 01:08:05','2025-09-25 01:08:05'),(367,74,'3','B','18',NULL,0,'2025-09-25 01:08:05','2025-09-25 01:08:05'),(368,74,'3','C','27',NULL,1,'2025-09-25 01:08:05','2025-09-25 01:08:05'),(369,74,'3','D','36',NULL,0,'2025-09-25 01:08:05','2025-09-25 01:08:05'),(370,74,'3','E','45',NULL,0,'2025-09-25 01:08:05','2025-09-25 01:08:05'),(371,75,'3','A','8時間',NULL,0,'2025-09-25 01:08:05','2025-09-25 01:08:05'),(372,75,'3','B','12時間',NULL,0,'2025-09-25 01:08:05','2025-09-25 01:08:05'),(373,75,'3','C','18時間',NULL,1,'2025-09-25 01:08:05','2025-09-25 01:08:05'),(374,75,'3','D','24時間',NULL,0,'2025-09-25 01:08:05','2025-09-25 01:08:05'),(375,75,'3','E','30時間',NULL,0,'2025-09-25 01:08:05','2025-09-25 01:08:05'),(376,76,'3','A','48,000',NULL,0,'2025-09-25 01:08:05','2025-09-25 01:08:05'),(377,76,'3','B','60,000',NULL,1,'2025-09-25 01:08:05','2025-09-25 01:08:05'),(378,76,'3','C','84,000',NULL,0,'2025-09-25 01:08:05','2025-09-25 01:08:05'),(379,76,'3','D','132,000',NULL,0,'2025-09-25 01:08:05','2025-09-25 01:08:05'),(380,76,'3','E','180,000',NULL,0,'2025-09-25 01:08:05','2025-09-25 01:08:05'),(381,77,'3','A','100,000円',NULL,0,'2025-09-25 01:08:05','2025-09-25 01:08:05'),(382,77,'3','B','112,500円',NULL,0,'2025-09-25 01:08:05','2025-09-25 01:08:05'),(383,77,'3','C','125,000円',NULL,0,'2025-09-25 01:08:05','2025-09-25 01:08:05'),(384,77,'3','D','150,000円',NULL,1,'2025-09-25 01:08:05','2025-09-25 01:08:05'),(385,77,'3','E','175,000円',NULL,0,'2025-09-25 01:08:05','2025-09-25 01:08:05'),(386,78,'3','A','800円',NULL,0,'2025-09-25 01:08:05','2025-09-25 01:08:05'),(387,78,'3','B','1,000円',NULL,0,'2025-09-25 01:08:05','2025-09-25 01:08:05'),(388,78,'3','C','1,200円',NULL,1,'2025-09-25 01:08:05','2025-09-25 01:08:05'),(389,78,'3','D','1,400円',NULL,0,'2025-09-25 01:08:05','2025-09-25 01:08:05'),(390,78,'3','E','1,600円',NULL,0,'2025-09-25 01:08:05','2025-09-25 01:08:05'),(391,79,'3','A','60',NULL,0,'2025-09-25 01:08:05','2025-09-25 01:08:05'),(392,79,'3','B','360',NULL,0,'2025-09-25 01:08:05','2025-09-25 01:08:05'),(393,79,'3','C','420',NULL,1,'2025-09-25 01:08:05','2025-09-25 01:08:05'),(394,79,'3','D','600',NULL,0,'2025-09-25 01:08:05','2025-09-25 01:08:05'),(395,79,'3','E','3,600',NULL,0,'2025-09-25 01:08:05','2025-09-25 01:08:05'),(396,80,'3','A','26,000円',NULL,0,'2025-09-25 01:08:05','2025-09-25 01:08:05'),(397,80,'3','B','29,000円',NULL,0,'2025-09-25 01:08:05','2025-09-25 01:08:05'),(398,80,'3','C','31,000円',NULL,0,'2025-09-25 01:08:05','2025-09-25 01:08:05'),(399,80,'3','D','32,000円',NULL,1,'2025-09-25 01:08:05','2025-09-25 01:08:05'),(400,80,'3','E','36,000円',NULL,0,'2025-09-25 01:08:05','2025-09-25 01:08:05'),(401,81,'3','A','560',NULL,0,'2025-09-25 01:08:05','2025-09-25 01:08:05'),(402,81,'3','B','600',NULL,0,'2025-09-25 01:08:05','2025-09-25 01:08:05'),(403,81,'3','C','800',NULL,0,'2025-09-25 01:08:05','2025-09-25 01:08:05'),(404,81,'3','D','1,120',NULL,0,'2025-09-25 01:08:05','2025-09-25 01:08:05'),(405,81,'3','E','1,200',NULL,1,'2025-09-25 01:08:05','2025-09-25 01:08:05'),(406,82,'3','A','15円',NULL,1,'2025-09-25 01:08:05','2025-09-25 01:08:05'),(407,82,'3','B','16円',NULL,0,'2025-09-25 01:08:05','2025-09-25 01:08:05'),(408,82,'3','C','20円',NULL,0,'2025-09-25 01:08:05','2025-09-25 01:08:05'),(409,82,'3','D','35円',NULL,0,'2025-09-25 01:08:05','2025-09-25 01:08:05'),(410,82,'3','E','60円',NULL,0,'2025-09-25 01:08:05','2025-09-25 01:08:05'),(411,83,'3','A','3,000',NULL,1,'2025-09-25 01:08:05','2025-09-25 01:08:05'),(412,83,'3','B','4,000',NULL,0,'2025-09-25 01:08:05','2025-09-25 01:08:05'),(413,83,'3','C','6,000',NULL,0,'2025-09-25 01:08:05','2025-09-25 01:08:05'),(414,83,'3','D','9,000',NULL,0,'2025-09-25 01:08:05','2025-09-25 01:08:05'),(415,83,'3','E','12,000',NULL,0,'2025-09-25 01:08:05','2025-09-25 01:08:05'),(416,84,'3','A','1/4',NULL,0,'2025-09-25 01:08:05','2025-09-25 01:08:05'),(417,84,'3','B','3/8',NULL,0,'2025-09-25 01:08:05','2025-09-25 01:08:05'),(418,84,'3','C','1/2',NULL,0,'2025-09-25 01:08:05','2025-09-25 01:08:05'),(419,84,'3','D','5/8',NULL,1,'2025-09-25 01:08:05','2025-09-25 01:08:05'),(420,84,'3','E','3/4',NULL,0,'2025-09-25 01:08:05','2025-09-25 01:08:05'),(421,85,'3','A','3,000',NULL,0,'2025-09-25 01:08:05','2025-09-25 01:08:05'),(422,85,'3','B','4,500',NULL,0,'2025-09-25 01:08:05','2025-09-25 01:08:05'),(423,85,'3','C','6,000',NULL,0,'2025-09-25 01:08:05','2025-09-25 01:08:05'),(424,85,'3','D','7,500',NULL,0,'2025-09-25 01:08:05','2025-09-25 01:08:05'),(425,85,'3','E','9,000',NULL,1,'2025-09-25 01:08:05','2025-09-25 01:08:05'),(426,86,'3','A','34,000万円',NULL,1,'2025-09-25 01:08:05','2025-09-25 01:08:05'),(427,86,'3','B','36,000万円',NULL,0,'2025-09-25 01:08:05','2025-09-25 01:08:05'),(428,86,'3','C','38,000万円',NULL,0,'2025-09-25 01:08:05','2025-09-25 01:08:05'),(429,86,'3','D','38,800万円',NULL,0,'2025-09-25 01:08:05','2025-09-25 01:08:05'),(430,86,'3','E','39,500万円',NULL,0,'2025-09-25 01:08:05','2025-09-25 01:08:05'),(431,87,'3','A','6,800メートル',NULL,0,'2025-09-25 01:08:05','2025-09-25 01:08:05'),(432,87,'3','B','7,200メートル',NULL,0,'2025-09-25 01:08:05','2025-09-25 01:08:05'),(433,87,'3','C','7,600メートル',NULL,1,'2025-09-25 01:08:05','2025-09-25 01:08:05'),(434,87,'3','D','7,900メートル',NULL,0,'2025-09-25 01:08:05','2025-09-25 01:08:05'),(435,87,'3','E','8,000メートル',NULL,0,'2025-09-25 01:08:05','2025-09-25 01:08:05'),(436,88,'3','A','6週間に1度',NULL,0,'2025-09-25 01:08:05','2025-09-25 01:08:05'),(437,88,'3','B','8週間に1度',NULL,0,'2025-09-25 01:08:05','2025-09-25 01:08:05'),(438,88,'3','C','4週間に1度',NULL,0,'2025-09-25 01:08:05','2025-09-25 01:08:05'),(439,88,'3','D','4週間に3度',NULL,1,'2025-09-25 01:08:05','2025-09-25 01:08:05'),(440,88,'3','E','5週間に4度',NULL,0,'2025-09-25 01:08:05','2025-09-25 01:08:05'),(441,89,'3','A','2,000',NULL,0,'2025-09-25 01:08:05','2025-09-25 01:08:05'),(442,89,'3','B','2,100',NULL,0,'2025-09-25 01:08:05','2025-09-25 01:08:05'),(443,89,'3','C','12,000',NULL,0,'2025-09-25 01:08:05','2025-09-25 01:08:05'),(444,89,'3','D','13,900',NULL,0,'2025-09-25 01:08:05','2025-09-25 01:08:05'),(445,89,'3','E','14,000',NULL,1,'2025-09-25 01:08:05','2025-09-25 01:08:05'),(446,90,'3','A','21%',NULL,0,'2025-09-25 01:08:05','2025-09-25 01:08:05'),(447,90,'3','B','30%',NULL,0,'2025-09-25 01:08:05','2025-09-25 01:08:05'),(448,90,'3','C','33%',NULL,1,'2025-09-25 01:08:05','2025-09-25 01:08:05'),(449,90,'3','D','35%',NULL,0,'2025-09-25 01:08:05','2025-09-25 01:08:05'),(450,90,'3','E','60%',NULL,0,'2025-09-25 01:08:05','2025-09-25 01:08:05'),(451,91,'3','A','51円',NULL,0,'2025-09-25 01:08:05','2025-09-25 01:08:05'),(452,91,'3','B','66円',NULL,0,'2025-09-25 01:08:05','2025-09-25 01:08:05'),(453,91,'3','C','75円',NULL,0,'2025-09-25 01:08:05','2025-09-25 01:08:05'),(454,91,'3','D','87円',NULL,1,'2025-09-25 01:08:05','2025-09-25 01:08:05'),(455,91,'3','E','102円',NULL,0,'2025-09-25 01:08:05','2025-09-25 01:08:05'),(456,92,'3','A','4',NULL,0,'2025-09-25 01:08:05','2025-09-25 01:08:05'),(457,92,'3','B','6',NULL,0,'2025-09-25 01:08:05','2025-09-25 01:08:05'),(458,92,'3','C','8',NULL,1,'2025-09-25 01:08:05','2025-09-25 01:08:05'),(459,92,'3','D','12',NULL,0,'2025-09-25 01:08:05','2025-09-25 01:08:05'),(460,92,'3','E','20',NULL,0,'2025-09-25 01:08:05','2025-09-25 01:08:05'),(461,93,'3','A','3メートル',NULL,0,'2025-09-25 01:08:05','2025-09-25 01:08:05'),(462,93,'3','B','6メートル',NULL,1,'2025-09-25 01:08:05','2025-09-25 01:08:05'),(463,93,'3','C','9.6メートル',NULL,0,'2025-09-25 01:08:05','2025-09-25 01:08:05'),(464,93,'3','D','10.4メートル',NULL,0,'2025-09-25 01:08:05','2025-09-25 01:08:05'),(465,93,'3','E','26メートル',NULL,0,'2025-09-25 01:08:05','2025-09-25 01:08:05'),(466,94,'3','A','324千円',NULL,0,'2025-09-25 01:08:05','2025-09-25 01:08:05'),(467,94,'3','B','405千円',NULL,0,'2025-09-25 01:08:05','2025-09-25 01:08:05'),(468,94,'3','C','410千円',NULL,0,'2025-09-25 01:08:05','2025-09-25 01:08:05'),(469,94,'3','D','414千円',NULL,1,'2025-09-25 01:08:05','2025-09-25 01:08:05'),(470,94,'3','E','684千円',NULL,0,'2025-09-25 01:08:05','2025-09-25 01:08:05'),(471,95,'3','A','14,000',NULL,0,'2025-09-25 01:08:05','2025-09-25 01:08:05'),(472,95,'3','B','35,000',NULL,1,'2025-09-25 01:08:05','2025-09-25 01:08:05'),(473,95,'3','C','46,000',NULL,0,'2025-09-25 01:08:05','2025-09-25 01:08:05'),(474,95,'3','D','75,000',NULL,0,'2025-09-25 01:08:05','2025-09-25 01:08:05'),(475,95,'3','E','115,000',NULL,0,'2025-09-25 01:08:05','2025-09-25 01:08:05');
/*!40000 ALTER TABLE `choices` ENABLE KEYS */;
UNLOCK TABLES;

--
-- Dumping data for table `practice_questions`
--

LOCK TABLES `practice_questions` WRITE;
/*!40000 ALTER TABLE `practice_questions` DISABLE KEYS */;
INSERT INTO `practice_questions` (`id`, `part`, `text`, `explanation`, `image`, `created_at`, `updated_at`, `number`) VALUES (1,1,'a b a b a b a b\r\n','この問題では配列が ab ab ab ab という順になっています。\r\nしたがって次に来る文字は a となります。\r\n',NULL,NULL,NULL,1),(2,1,'a a b b c c d d\r\n','この問題では配列が aa bb cc dd という順になっています。\r\nしたがって次に来る文字は e となります。\r\n',NULL,NULL,NULL,2),(3,1,'c a d a e a f a\r\n','この問題では配列が ca da ea fa という順になっています。\r\nしたがって次に来る文字は g となります。\r\n',NULL,NULL,NULL,3),(4,1,'a x b y a x b y a x b\r\n','この問題では配列が axby axby axb という順になっています。\r\nしたがって次に来る文字は y となります。\r\n',NULL,NULL,NULL,4),(5,2,'','例題ではグレーの四角が時計の針が動く方向へ順次動いています。すなわち、右上、右下、左下、左上という順序です。したがって、次はまた右上となります。\r\n','pq1.gif',NULL,NULL,1),(6,2,'','左側の一連の図では線が1本ずつふえ、かつ次第に長くなっています。右側の五つの図の中から次にくるべき図では、線が5本で4番目の図よりも1本多く、5本目の線がやや長くなっているものとなります。\r\n','pq2.gif',NULL,NULL,2),(7,3,'3個10円のリンゴは80円で何個買えるか。\r\n','80 ÷ 10 × 3 = 24。よって24個です。\r\n',NULL,NULL,NULL,1),(8,3,'太郎は4週間に2,800円貯めた。毎週平均いくらずつ貯めたことになるか。\r\n','2,800 ÷ 4 = 700。よって700円です。\r\n',NULL,NULL,NULL,2);
/*!40000 ALTER TABLE `practice_questions` ENABLE KEYS */;
UNLOCK TABLES;

--
-- Dumping data for table `practice_choices`
--

LOCK TABLES `practice_choices` WRITE;
/*!40000 ALTER TABLE `practice_choices` DISABLE KEYS */;
INSERT INTO `practice_choices` (`id`, `question_id`, `part`, `label`, `text`, `image`, `is_correct`, `created_at`, `updated_at`) VALUES (1,1,'1','A','a',NULL,1,'2025-09-02 01:27:07','2025-09-02 01:27:07'),(2,1,'1','B','b',NULL,0,'2025-09-02 01:27:07','2025-09-02 01:27:07'),(3,1,'1','C','c',NULL,0,'2025-09-02 01:27:07','2025-09-02 01:27:07'),(4,1,'1','D','d',NULL,0,'2025-09-02 01:27:07','2025-09-02 01:27:07'),(5,1,'1','E','e',NULL,0,'2025-09-02 01:27:07','2025-09-02 01:27:07'),(6,2,'1','A','a',NULL,0,'2025-09-02 01:27:59','2025-09-02 01:27:59'),(7,2,'1','B','b',NULL,0,'2025-09-02 01:27:59','2025-09-02 01:27:59'),(8,2,'1','C','c',NULL,0,'2025-09-02 01:27:59','2025-09-02 01:27:59'),(9,2,'1','D','d',NULL,0,'2025-09-02 01:27:59','2025-09-02 01:27:59'),(10,2,'1','E','e',NULL,1,'2025-09-02 01:27:59','2025-09-02 01:27:59'),(11,3,'1','A','d',NULL,0,'2025-09-02 01:27:59','2025-09-02 01:27:59'),(12,3,'1','B','e',NULL,0,'2025-09-02 01:27:59','2025-09-02 01:27:59'),(13,3,'1','C','f',NULL,0,'2025-09-02 01:27:59','2025-09-02 01:27:59'),(14,3,'1','D','g',NULL,1,'2025-09-02 01:27:59','2025-09-02 01:27:59'),(15,3,'1','E','h',NULL,0,'2025-09-02 01:27:59','2025-09-02 01:27:59'),(16,4,'1','A','a',NULL,0,'2025-09-02 01:27:59','2025-09-02 01:27:59'),(17,4,'1','B','b',NULL,0,'2025-09-02 01:27:59','2025-09-02 01:27:59'),(18,4,'1','C','c',NULL,0,'2025-09-02 01:27:59','2025-09-02 01:27:59'),(19,4,'1','D','x',NULL,0,'2025-09-02 01:27:59','2025-09-02 01:27:59'),(20,4,'1','E','y',NULL,1,'2025-09-02 01:27:59','2025-09-02 01:27:59'),(21,5,'2','A',NULL,'pq1c1.gif',0,NULL,NULL),(22,5,'2','B',NULL,'pq1c2.gif',1,NULL,NULL),(23,5,'2','C',NULL,'pq1c3.gif',0,NULL,NULL),(24,5,'2','D',NULL,'pq1c4.gif',0,NULL,NULL),(25,5,'2','E',NULL,'pq1c5.gif',0,NULL,NULL),(26,6,'2','A',NULL,'pq2c1.gif',0,NULL,NULL),(27,6,'2','B',NULL,'pq2c2.gif',0,NULL,NULL),(28,6,'2','C',NULL,'pq2c3.gif',0,NULL,NULL),(29,6,'2','D',NULL,'pq2c4.gif',0,NULL,NULL),(30,6,'2','E',NULL,'pq2c5.gif',1,NULL,NULL),(31,7,'3','A','6',NULL,0,NULL,NULL),(32,7,'3','B','12',NULL,0,NULL,NULL),(33,7,'3','C','18',NULL,0,NULL,NULL),(34,7,'3','D','24',NULL,1,NULL,NULL),(35,7,'3','E','30',NULL,0,NULL,NULL),(36,8,'3','A','350円\r\n',NULL,0,NULL,NULL),(37,8,'3','B','400円\r\n',NULL,0,NULL,NULL),(38,8,'3','C','500円\r\n',NULL,0,NULL,NULL),(39,8,'3','D','700円\r\n',NULL,1,NULL,NULL),(40,8,'3','E','800円\r\n',NULL,0,NULL,NULL);
/*!40000 ALTER TABLE `practice_choices` ENABLE KEYS */;
UNLOCK TABLES;
/*!40103 SET TIME_ZONE=@OLD_TIME_ZONE */;

/*!40101 SET SQL_MODE=@OLD_SQL_MODE */;
/*!40014 SET FOREIGN_KEY_CHECKS=@OLD_FOREIGN_KEY_CHECKS */;
/*!40014 SET UNIQUE_CHECKS=@OLD_UNIQUE_CHECKS */;
/*!40101 SET CHARACTER_SET_CLIENT=@OLD_CHARACTER_SET_CLIENT */;
/*!40101 SET CHARACTER_SET_RESULTS=@OLD_CHARACTER_SET_RESULTS */;
/*!40101 SET COLLATION_CONNECTION=@OLD_COLLATION_CONNECTION */;
/*!40111 SET SQL_NOTES=@OLD_SQL_NOTES */;

-- Dump completed on 2026-01-29  5:24:18
