-- phpMyAdmin SQL Dump
-- version 5.2.2
-- https://www.phpmyadmin.net/
--
-- ホスト: mysql:3306
-- 生成日時: 2025 年 12 月 02 日 04:44
-- サーバのバージョン： 8.0.32
-- PHP のバージョン: 8.2.27

SET SQL_MODE = "NO_AUTO_VALUE_ON_ZERO";
START TRANSACTION;
SET time_zone = "+00:00";


/*!40101 SET @OLD_CHARACTER_SET_CLIENT=@@CHARACTER_SET_CLIENT */;
/*!40101 SET @OLD_CHARACTER_SET_RESULTS=@@CHARACTER_SET_RESULTS */;
/*!40101 SET @OLD_COLLATION_CONNECTION=@@COLLATION_CONNECTION */;
/*!40101 SET NAMES utf8mb4 */;

--
-- データベース: `laravel`
--

-- --------------------------------------------------------

--
-- テーブルの構造 `admins`
--

CREATE TABLE `admins` (
  `id` bigint UNSIGNED NOT NULL,
  `name` varchar(255) COLLATE utf8mb4_unicode_ci DEFAULT NULL,
  `email` varchar(255) COLLATE utf8mb4_unicode_ci NOT NULL,
  `password` varchar(255) COLLATE utf8mb4_unicode_ci NOT NULL,
  `remember_token` varchar(100) COLLATE utf8mb4_unicode_ci DEFAULT NULL,
  `created_at` timestamp NULL DEFAULT NULL,
  `updated_at` timestamp NULL DEFAULT NULL
) ENGINE=InnoDB DEFAULT CHARSET=utf8mb4 COLLATE=utf8mb4_unicode_ci;

--
-- テーブルのデータのダンプ `admins`
--

INSERT INTO `admins` (`id`, `name`, `email`, `password`, `remember_token`, `created_at`, `updated_at`) VALUES
(1, 'admin', 'admin@a', '$2y$12$UwTOrivAdrmpFMuvpThaIOzDE3sDAg2MmOhEDKv2O2siV7WyCagFy', NULL, '2025-10-15 02:01:17', '2025-10-15 02:01:17'),
(2, 'a', 'a@a', '$2y$12$.Go0oRp0McVSJhuiuOnYXOGiXGmWjdCg6Qm4WQ.ifAC7tzIVdyWXC', 'fu5qvHglgPGj5fWPoCsw0tw4eN4crsNxVk7ECGyp86xILsrrQS0AmC7lNnzA', '2025-10-15 02:01:17', '2025-10-15 02:01:17');

-- --------------------------------------------------------

--
-- テーブルの構造 `answers`
--

CREATE TABLE `answers` (
  `id` bigint UNSIGNED NOT NULL,
  `user_id` bigint UNSIGNED NOT NULL,
  `exam_session_id` bigint UNSIGNED NOT NULL,
  `question_id` bigint UNSIGNED NOT NULL,
  `part` tinyint NOT NULL,
  `choice` enum('A','B','C','D','E') COLLATE utf8mb4_unicode_ci DEFAULT NULL,
  `is_correct` tinyint(1) DEFAULT NULL,
  `created_at` timestamp NULL DEFAULT NULL,
  `updated_at` timestamp NULL DEFAULT NULL
) ENGINE=InnoDB DEFAULT CHARSET=utf8mb4 COLLATE=utf8mb4_unicode_ci;

--
-- テーブルのデータのダンプ `answers`
--

INSERT INTO `answers` (`id`, `user_id`, `exam_session_id`, `question_id`, `part`, `choice`, `is_correct`, `created_at`, `updated_at`) VALUES
(135, 1, 73, 1, 1, 'A', 0, '2025-10-02 01:50:21', '2025-12-02 03:16:12'),
(136, 1, 75, 2, 1, 'D', 0, '2025-10-02 01:50:21', '2025-11-28 04:51:03'),
(137, 1, 75, 3, 1, 'E', 0, '2025-10-02 01:50:21', '2025-11-28 04:51:03'),
(138, 1, 75, 4, 1, 'E', 0, '2025-10-02 01:50:21', '2025-11-28 04:51:03'),
(139, 1, 75, 5, 1, 'E', 0, '2025-10-02 01:50:21', '2025-11-28 04:51:04'),
(140, 1, 75, 6, 1, 'E', 0, '2025-10-02 01:50:21', '2025-11-28 04:51:04'),
(141, 1, 75, 7, 1, 'E', 0, '2025-10-02 01:50:21', '2025-11-28 04:51:04'),
(142, 1, 75, 8, 1, 'E', 0, '2025-10-02 01:50:21', '2025-11-28 04:51:04'),
(143, 1, 75, 9, 1, 'D', 0, '2025-10-02 01:50:21', '2025-11-28 04:51:04'),
(144, 1, 75, 10, 1, 'E', 0, '2025-10-02 01:50:21', '2025-11-28 04:51:04'),
(145, 1, 75, 11, 1, 'E', 0, '2025-10-02 01:50:21', '2025-11-28 04:51:04'),
(146, 1, 75, 12, 1, 'E', 0, '2025-10-02 01:50:21', '2025-11-28 04:51:04'),
(147, 1, 75, 13, 1, 'E', 0, '2025-10-02 01:50:21', '2025-11-28 04:51:04'),
(148, 1, 75, 14, 1, 'E', 0, '2025-10-02 01:50:21', '2025-11-28 04:51:04'),
(149, 1, 75, 15, 1, 'E', 0, '2025-10-02 01:50:21', '2025-11-28 04:51:04'),
(150, 1, 75, 16, 1, 'E', 0, '2025-10-02 01:50:21', '2025-11-28 04:51:04'),
(151, 1, 75, 17, 1, 'E', 0, '2025-10-02 01:50:21', '2025-11-28 04:51:04'),
(152, 1, 75, 18, 1, 'E', 0, '2025-10-02 01:50:21', '2025-11-28 04:51:04'),
(153, 1, 75, 19, 1, 'E', 0, '2025-10-02 01:50:21', '2025-11-28 04:51:04'),
(154, 1, 75, 20, 1, 'E', 0, '2025-10-02 01:50:21', '2025-11-28 04:51:04'),
(155, 1, 75, 21, 1, 'E', 0, '2025-10-02 01:50:21', '2025-11-28 04:51:04'),
(156, 1, 75, 22, 1, 'E', 0, '2025-10-02 01:50:21', '2025-11-28 04:51:04'),
(157, 1, 75, 23, 1, 'E', 0, '2025-10-02 01:50:21', '2025-11-28 04:51:04'),
(158, 1, 75, 24, 1, 'C', 0, '2025-10-02 01:50:21', '2025-11-28 04:51:04'),
(159, 1, 75, 25, 1, 'E', 0, '2025-10-02 01:50:21', '2025-11-28 04:51:04'),
(160, 1, 75, 26, 1, 'E', 0, '2025-10-02 01:50:21', '2025-11-28 04:51:04'),
(161, 1, 75, 27, 1, 'E', 0, '2025-10-02 01:50:21', '2025-11-28 04:51:04'),
(162, 1, 75, 28, 1, 'C', 0, '2025-10-02 01:50:21', '2025-11-28 04:51:04'),
(163, 1, 75, 29, 1, 'E', 0, '2025-10-02 01:50:21', '2025-11-28 04:51:04'),
(164, 1, 75, 30, 1, 'E', 0, '2025-10-02 01:50:21', '2025-11-28 04:51:04'),
(165, 1, 75, 31, 1, 'C', 0, '2025-10-02 01:50:21', '2025-11-28 04:51:04'),
(166, 1, 75, 32, 1, 'E', 0, '2025-10-02 01:50:21', '2025-11-28 04:51:04'),
(167, 1, 75, 33, 1, 'E', 0, '2025-10-02 01:50:21', '2025-11-28 04:51:04'),
(168, 1, 75, 34, 1, 'E', 0, '2025-10-02 01:50:21', '2025-11-28 04:51:04'),
(169, 1, 75, 35, 1, 'E', 0, '2025-10-02 01:50:21', '2025-11-28 04:51:04'),
(170, 1, 75, 36, 1, 'E', 0, '2025-10-02 01:50:21', '2025-11-28 04:51:04'),
(171, 1, 75, 37, 1, 'E', 0, '2025-10-02 01:50:21', '2025-11-28 04:51:04'),
(172, 1, 75, 38, 1, 'C', 0, '2025-10-02 01:50:21', '2025-11-28 04:51:04'),
(173, 1, 75, 39, 1, 'E', 0, '2025-10-02 01:50:21', '2025-11-28 04:51:04'),
(174, 1, 75, 40, 1, 'E', 0, '2025-10-02 01:50:21', '2025-11-28 04:51:04'),
(175, 1, 77, 41, 2, 'C', 1, '2025-10-02 01:50:21', '2025-12-02 03:15:41'),
(176, 1, 75, 42, 2, 'E', 0, '2025-10-02 01:50:21', '2025-11-28 04:51:04'),
(177, 1, 75, 43, 2, 'C', 0, '2025-10-02 01:50:21', '2025-11-28 04:51:04'),
(178, 1, 75, 44, 2, 'E', 0, '2025-10-02 01:50:21', '2025-11-28 04:51:04'),
(179, 1, 75, 45, 2, 'E', 0, '2025-10-02 01:50:21', '2025-11-28 04:51:04'),
(180, 1, 75, 46, 2, 'E', 0, '2025-10-02 01:50:21', '2025-11-28 04:51:04'),
(181, 1, 75, 47, 2, 'E', 0, '2025-10-02 01:50:21', '2025-11-28 04:51:04'),
(182, 1, 75, 48, 2, 'C', 0, '2025-10-02 01:50:21', '2025-11-28 04:51:04'),
(183, 1, 75, 49, 2, 'E', 0, '2025-10-02 01:50:21', '2025-11-28 04:51:04'),
(184, 1, 75, 50, 2, 'E', 0, '2025-10-02 01:50:21', '2025-11-28 04:51:04'),
(185, 1, 75, 51, 2, 'E', 0, '2025-10-02 01:50:21', '2025-11-28 04:51:04'),
(186, 1, 75, 52, 2, 'E', 0, '2025-10-02 01:50:21', '2025-11-28 04:51:04'),
(187, 1, 75, 53, 2, 'E', 0, '2025-10-02 01:50:21', '2025-11-28 04:51:04'),
(188, 1, 75, 54, 2, 'E', 0, '2025-10-02 01:50:21', '2025-11-28 04:51:04'),
(189, 1, 75, 55, 2, 'E', 0, '2025-10-02 01:50:21', '2025-11-28 04:51:04'),
(190, 1, 75, 56, 2, 'E', 0, '2025-10-02 01:50:21', '2025-11-28 04:51:04'),
(191, 1, 75, 57, 2, 'E', 0, '2025-10-02 01:50:21', '2025-11-28 04:51:04'),
(192, 1, 75, 58, 2, 'E', 0, '2025-10-02 01:50:21', '2025-11-28 04:51:04'),
(193, 1, 75, 59, 2, 'E', 0, '2025-10-02 01:50:21', '2025-11-28 04:51:04'),
(194, 1, 75, 60, 2, 'E', 0, '2025-10-02 01:50:21', '2025-11-28 04:51:04'),
(195, 1, 75, 61, 2, 'E', 0, '2025-10-02 01:50:21', '2025-11-28 04:51:04'),
(196, 1, 75, 62, 2, 'E', 0, '2025-10-02 01:50:21', '2025-11-28 04:51:04'),
(197, 1, 75, 63, 2, 'E', 0, '2025-10-02 01:50:21', '2025-11-28 04:51:04'),
(198, 1, 75, 64, 2, 'E', 0, '2025-10-02 01:50:21', '2025-11-28 04:51:04'),
(199, 1, 75, 65, 2, 'C', 0, '2025-10-02 01:50:21', '2025-11-28 04:51:04'),
(200, 1, 75, 66, 2, 'E', 0, '2025-10-02 02:06:08', '2025-11-28 04:51:04'),
(201, 1, 75, 67, 2, 'C', 0, '2025-10-02 02:06:08', '2025-11-28 04:51:04'),
(202, 1, 75, 68, 2, 'C', 1, '2025-10-02 02:06:08', '2025-11-28 04:51:04'),
(203, 1, 75, 69, 2, 'C', 0, '2025-10-02 02:06:08', '2025-11-28 04:51:04'),
(204, 1, 73, 71, 3, 'D', 0, '2025-10-02 02:23:33', '2025-12-02 03:16:12'),
(205, 1, 75, 72, 3, 'E', 0, '2025-10-02 02:23:33', '2025-11-28 04:51:04'),
(206, 1, 75, 73, 3, 'E', 0, '2025-10-02 02:23:33', '2025-11-28 04:51:04'),
(207, 1, 75, 74, 3, 'E', 0, '2025-10-02 02:23:33', '2025-11-28 04:51:04'),
(208, 1, 75, 75, 3, 'E', 0, '2025-10-02 02:23:33', '2025-11-28 04:51:04'),
(209, 1, 75, 76, 3, 'E', 0, '2025-10-02 02:23:33', '2025-11-28 04:51:04'),
(210, 1, 75, 77, 3, 'E', 0, '2025-10-02 02:23:33', '2025-11-28 04:51:04'),
(211, 1, 75, 78, 3, 'E', 0, '2025-10-02 02:23:33', '2025-11-28 04:51:04'),
(212, 1, 75, 79, 3, 'E', 0, '2025-10-02 02:23:33', '2025-11-28 04:51:04'),
(213, 1, 75, 80, 3, 'D', 1, '2025-10-02 02:23:33', '2025-11-28 04:51:04'),
(214, 1, 75, 81, 3, 'E', 1, '2025-10-02 02:23:33', '2025-11-28 04:51:04'),
(215, 1, 75, 82, 3, 'E', 0, '2025-10-02 02:23:33', '2025-11-28 04:51:04'),
(216, 1, 75, 83, 3, 'E', 0, '2025-10-02 02:23:33', '2025-11-28 04:51:04'),
(217, 1, 75, 84, 3, 'E', 0, '2025-10-02 02:23:33', '2025-11-28 04:51:04'),
(218, 1, 75, 85, 3, 'D', 0, '2025-10-02 02:23:33', '2025-11-28 04:51:04'),
(219, 1, 75, 86, 3, 'E', 0, '2025-10-02 02:23:33', '2025-11-28 04:51:04'),
(220, 1, 75, 87, 3, 'E', 0, '2025-10-02 02:23:33', '2025-11-28 04:51:04'),
(221, 1, 75, 88, 3, 'E', 0, '2025-10-02 02:23:33', '2025-11-28 04:51:04'),
(222, 1, 75, 89, 3, 'D', 0, '2025-10-02 02:23:33', '2025-11-28 04:51:04'),
(223, 1, 75, 90, 3, 'E', 0, '2025-10-02 02:23:33', '2025-11-28 04:51:04'),
(224, 1, 75, 91, 3, 'E', 0, '2025-10-02 02:23:33', '2025-11-28 04:51:04'),
(225, 1, 75, 92, 3, 'E', 0, '2025-10-02 02:23:33', '2025-11-28 04:51:04'),
(226, 1, 75, 93, 3, 'E', 0, '2025-10-02 02:23:33', '2025-11-28 04:51:04'),
(227, 1, 75, 94, 3, 'E', 0, '2025-10-02 02:23:33', '2025-11-28 04:51:04'),
(228, 1, 75, 95, 3, 'E', 0, '2025-10-02 02:23:33', '2025-11-28 04:51:04'),
(229, 4, 43, 1, 1, 'E', 1, '2025-10-28 05:56:59', '2025-10-28 05:56:59'),
(230, 4, 43, 2, 1, 'E', 1, '2025-10-28 05:56:59', '2025-10-28 05:56:59'),
(231, 4, 43, 3, 1, 'D', 1, '2025-10-28 05:56:59', '2025-10-28 05:56:59'),
(232, 4, 43, 4, 1, 'A', 1, '2025-10-28 05:56:59', '2025-10-28 05:56:59'),
(233, 4, 43, 5, 1, 'D', 1, '2025-10-28 05:56:59', '2025-10-28 05:56:59'),
(234, 4, 43, 6, 1, 'C', 1, '2025-10-28 05:56:59', '2025-10-28 05:56:59'),
(235, 4, 43, 7, 1, 'C', 1, '2025-10-28 05:56:59', '2025-10-28 05:56:59'),
(236, 4, 43, 8, 1, 'A', 1, '2025-10-28 05:56:59', '2025-10-28 05:56:59'),
(237, 4, 43, 9, 1, 'E', 1, '2025-10-28 05:56:59', '2025-10-28 05:56:59'),
(238, 4, 43, 10, 1, 'C', 1, '2025-10-28 05:56:59', '2025-10-28 05:56:59'),
(239, 4, 43, 11, 1, 'B', 1, '2025-10-28 05:56:59', '2025-10-28 05:56:59'),
(240, 4, 43, 12, 1, 'D', 1, '2025-10-28 05:56:59', '2025-10-28 05:56:59'),
(241, 4, 43, 13, 1, 'D', 1, '2025-10-28 05:56:59', '2025-10-28 05:56:59'),
(242, 4, 43, 14, 1, 'B', 1, '2025-10-28 05:56:59', '2025-10-28 05:56:59'),
(243, 4, 43, 15, 1, 'D', 1, '2025-10-28 05:56:59', '2025-10-28 05:56:59'),
(244, 4, 43, 16, 1, 'D', 1, '2025-10-28 05:56:59', '2025-10-28 05:56:59'),
(245, 4, 43, 17, 1, 'B', 1, '2025-10-28 05:56:59', '2025-10-28 05:56:59'),
(246, 4, 43, 18, 1, 'B', 1, '2025-10-28 05:56:59', '2025-10-28 05:56:59'),
(247, 4, 43, 19, 1, 'D', 1, '2025-10-28 05:56:59', '2025-10-28 05:56:59'),
(248, 4, 43, 20, 1, 'A', 1, '2025-10-28 05:56:59', '2025-10-28 05:56:59'),
(249, 4, 43, 21, 1, 'A', 1, '2025-10-28 05:56:59', '2025-10-28 05:56:59'),
(250, 4, 43, 22, 1, 'C', 1, '2025-10-28 05:56:59', '2025-10-28 05:56:59'),
(251, 4, 43, 23, 1, 'B', 1, '2025-10-28 05:56:59', '2025-10-28 05:56:59'),
(252, 4, 43, 24, 1, 'E', 1, '2025-10-28 05:56:59', '2025-10-28 05:56:59'),
(253, 4, 43, 25, 1, 'C', 1, '2025-10-28 05:56:59', '2025-10-28 05:56:59'),
(254, 4, 43, 26, 1, 'D', 1, '2025-10-28 05:56:59', '2025-10-28 05:56:59'),
(255, 4, 43, 27, 1, 'D', 1, '2025-10-28 05:56:59', '2025-10-28 05:56:59'),
(256, 4, 43, 28, 1, 'E', 1, '2025-10-28 05:56:59', '2025-10-28 05:56:59'),
(257, 4, 43, 29, 1, 'C', 1, '2025-10-28 05:56:59', '2025-10-28 05:56:59'),
(258, 4, 43, 30, 1, 'B', 1, '2025-10-28 05:56:59', '2025-10-28 05:56:59'),
(259, 4, 43, 31, 1, 'E', 1, '2025-10-28 05:56:59', '2025-10-28 05:56:59'),
(260, 4, 43, 32, 1, 'D', 1, '2025-10-28 05:56:59', '2025-10-28 05:56:59'),
(261, 4, 43, 33, 1, 'C', 1, '2025-10-28 05:56:59', '2025-10-28 05:56:59'),
(262, 4, 43, 34, 1, 'C', 1, '2025-10-28 05:56:59', '2025-10-28 05:56:59'),
(263, 4, 43, 35, 1, 'D', 1, '2025-10-28 05:56:59', '2025-10-28 05:56:59'),
(264, 4, 43, 36, 1, 'A', 1, '2025-10-28 05:56:59', '2025-10-28 05:56:59'),
(265, 4, 43, 37, 1, 'D', 1, '2025-10-28 05:56:59', '2025-10-28 05:56:59'),
(266, 4, 43, 38, 1, 'E', 1, '2025-10-28 05:56:59', '2025-10-28 05:56:59'),
(267, 4, 43, 39, 1, 'A', 1, '2025-10-28 05:56:59', '2025-10-28 05:56:59'),
(268, 4, 43, 40, 1, 'B', 1, '2025-10-28 05:56:59', '2025-10-28 05:56:59'),
(269, 4, 43, 41, 2, 'C', 1, '2025-10-28 05:56:59', '2025-10-28 05:56:59'),
(270, 4, 43, 42, 2, 'D', 1, '2025-10-28 05:56:59', '2025-10-28 05:56:59'),
(271, 4, 43, 43, 2, 'E', 1, '2025-10-28 05:56:59', '2025-10-28 05:56:59'),
(272, 4, 43, 44, 2, 'B', 1, '2025-10-28 05:56:59', '2025-10-28 05:56:59'),
(273, 4, 43, 45, 2, 'B', 1, '2025-10-28 05:56:59', '2025-10-28 05:56:59'),
(274, 4, 43, 46, 2, 'A', 1, '2025-10-28 05:56:59', '2025-10-28 05:56:59'),
(275, 4, 43, 47, 2, 'C', 1, '2025-10-28 05:56:59', '2025-10-28 05:56:59'),
(276, 4, 43, 48, 2, 'E', 1, '2025-10-28 05:57:00', '2025-10-28 05:57:00'),
(277, 4, 43, 49, 2, 'C', 1, '2025-10-28 05:57:00', '2025-10-28 05:57:00'),
(278, 4, 43, 50, 2, 'A', 1, '2025-10-28 05:57:00', '2025-10-28 05:57:00'),
(279, 4, 43, 51, 2, 'D', 1, '2025-10-28 05:57:00', '2025-10-28 05:57:00'),
(280, 4, 43, 52, 2, 'C', 1, '2025-10-28 05:57:00', '2025-10-28 05:57:00'),
(281, 4, 43, 53, 2, 'D', 1, '2025-10-28 05:57:00', '2025-10-28 05:57:00'),
(282, 4, 43, 54, 2, 'A', 1, '2025-10-28 05:57:00', '2025-10-28 05:57:00'),
(283, 4, 43, 55, 2, 'A', 1, '2025-10-28 05:57:00', '2025-10-28 05:57:00'),
(284, 4, 43, 56, 2, 'D', 1, '2025-10-28 05:57:00', '2025-10-28 05:57:00'),
(285, 4, 43, 57, 2, 'B', 1, '2025-10-28 05:57:00', '2025-10-28 05:57:00'),
(286, 4, 43, 58, 2, 'C', 1, '2025-10-28 05:57:00', '2025-10-28 05:57:00'),
(287, 4, 43, 59, 2, 'A', 1, '2025-10-28 05:57:00', '2025-10-28 05:57:00'),
(288, 4, 43, 60, 2, 'D', 1, '2025-10-28 05:57:00', '2025-10-28 05:57:00'),
(289, 4, 43, 62, 2, 'C', 1, '2025-10-28 05:57:00', '2025-10-28 05:57:00'),
(290, 4, 43, 61, 2, 'A', 1, '2025-10-28 05:57:00', '2025-10-28 05:57:00'),
(291, 4, 43, 63, 2, 'A', 0, '2025-10-28 05:57:00', '2025-10-28 05:57:00'),
(292, 4, 43, 64, 2, 'A', 0, '2025-10-28 05:57:00', '2025-10-28 05:57:00'),
(293, 4, 43, 65, 2, 'E', 1, '2025-10-28 05:57:00', '2025-10-28 05:57:00'),
(294, 4, 43, 66, 2, 'A', 1, '2025-10-28 05:57:00', '2025-10-28 05:57:00'),
(295, 4, 43, 67, 2, 'E', 1, '2025-10-28 05:57:00', '2025-10-28 05:57:00'),
(296, 4, 43, 68, 2, 'E', 0, '2025-10-28 05:57:00', '2025-10-28 05:57:00'),
(297, 4, 43, 69, 2, 'E', 0, '2025-10-28 05:57:00', '2025-10-28 05:57:00'),
(298, 4, 43, 70, 2, 'D', 0, '2025-10-28 05:57:00', '2025-10-28 05:57:00'),
(299, 4, 43, 71, 3, 'A', 1, '2025-10-28 05:57:00', '2025-10-28 05:57:00'),
(300, 4, 43, 72, 3, 'C', 1, '2025-10-28 05:57:00', '2025-10-28 05:57:00'),
(301, 4, 43, 73, 3, 'B', 1, '2025-10-28 05:57:00', '2025-10-28 05:57:00'),
(302, 4, 43, 74, 3, 'C', 1, '2025-10-28 05:57:00', '2025-10-28 05:57:00'),
(303, 4, 43, 75, 3, 'C', 1, '2025-10-28 05:57:00', '2025-10-28 05:57:00'),
(304, 4, 43, 76, 3, 'B', 1, '2025-10-28 05:57:00', '2025-10-28 05:57:00'),
(305, 4, 43, 77, 3, 'D', 1, '2025-10-28 05:57:00', '2025-10-28 05:57:00'),
(306, 4, 43, 78, 3, 'C', 1, '2025-10-28 05:57:00', '2025-10-28 05:57:00'),
(307, 4, 43, 79, 3, 'C', 1, '2025-10-28 05:57:00', '2025-10-28 05:57:00'),
(308, 4, 43, 80, 3, 'D', 1, '2025-10-28 05:57:00', '2025-10-28 05:57:00'),
(309, 4, 43, 81, 3, 'E', 1, '2025-10-28 05:57:00', '2025-10-28 05:57:00'),
(310, 4, 43, 82, 3, 'A', 1, '2025-10-28 05:57:00', '2025-10-28 05:57:00'),
(311, 4, 43, 83, 3, 'A', 1, '2025-10-28 05:57:00', '2025-10-28 05:57:00'),
(312, 4, 43, 84, 3, 'D', 1, '2025-10-28 05:57:00', '2025-10-28 05:57:00'),
(313, 4, 43, 85, 3, 'E', 1, '2025-10-28 05:57:00', '2025-10-28 05:57:00'),
(314, 4, 43, 86, 3, 'A', 1, '2025-10-28 05:57:00', '2025-10-28 05:57:00'),
(315, 4, 43, 87, 3, 'C', 1, '2025-10-28 05:57:00', '2025-10-28 05:57:00'),
(316, 4, 43, 88, 3, 'D', 1, '2025-10-28 05:57:00', '2025-10-28 05:57:00'),
(317, 4, 43, 89, 3, 'E', 1, '2025-10-28 05:57:00', '2025-10-28 05:57:00'),
(318, 4, 43, 90, 3, 'C', 1, '2025-10-28 05:57:00', '2025-10-28 05:57:00'),
(319, 4, 43, 91, 3, 'D', 1, '2025-10-28 05:57:00', '2025-10-28 05:57:00'),
(320, 4, 43, 92, 3, 'C', 1, '2025-10-28 05:57:00', '2025-10-28 05:57:00'),
(321, 4, 43, 93, 3, 'B', 1, '2025-10-28 05:57:00', '2025-10-28 05:57:00'),
(322, 4, 43, 94, 3, 'D', 1, '2025-10-28 05:57:00', '2025-10-28 05:57:00'),
(323, 4, 43, 95, 3, 'B', 1, '2025-10-28 05:57:00', '2025-10-28 05:57:00'),
(324, 6, 60, 1, 1, 'A', 0, '2025-11-26 03:47:53', '2025-11-26 03:47:53'),
(325, 6, 60, 41, 2, 'A', 0, '2025-11-26 03:47:53', '2025-11-26 03:47:53'),
(326, 6, 60, 71, 3, 'C', 0, '2025-11-26 03:47:53', '2025-11-26 03:47:53'),
(327, 6, 60, 72, 3, 'C', 1, '2025-11-26 03:47:53', '2025-11-26 03:47:53'),
(328, 6, 60, 73, 3, 'C', 0, '2025-11-26 03:47:53', '2025-11-26 03:47:53'),
(329, 6, 60, 80, 3, 'E', 0, '2025-11-26 03:47:53', '2025-11-26 03:47:53'),
(330, 6, 60, 81, 3, 'E', 1, '2025-11-26 03:47:53', '2025-11-26 03:47:53'),
(331, 5, 61, 1, 1, 'A', 0, '2025-11-26 03:48:44', '2025-11-26 03:48:44'),
(332, 5, 61, 41, 2, 'B', 0, '2025-11-26 03:48:44', '2025-11-26 03:48:44'),
(333, 5, 61, 71, 3, 'D', 0, '2025-11-26 03:48:44', '2025-11-26 03:48:44'),
(334, 1, 75, 70, 2, 'E', 0, '2025-11-28 04:51:04', '2025-11-28 04:51:04');

-- --------------------------------------------------------

--
-- テーブルの構造 `choices`
--

CREATE TABLE `choices` (
  `id` bigint UNSIGNED NOT NULL,
  `question_id` bigint UNSIGNED NOT NULL,
  `part` enum('1','2','3') COLLATE utf8mb4_unicode_ci NOT NULL COMMENT '問題の部を示す（1～3）',
  `label` enum('A','B','C','D','E') COLLATE utf8mb4_unicode_ci NOT NULL,
  `text` text COLLATE utf8mb4_unicode_ci,
  `image` varchar(255) COLLATE utf8mb4_unicode_ci DEFAULT NULL,
  `is_correct` tinyint(1) NOT NULL DEFAULT '0',
  `created_at` timestamp NULL DEFAULT NULL,
  `updated_at` timestamp NULL DEFAULT NULL
) ENGINE=InnoDB DEFAULT CHARSET=utf8mb4 COLLATE=utf8mb4_unicode_ci;

--
-- テーブルのデータのダンプ `choices`
--

INSERT INTO `choices` (`id`, `question_id`, `part`, `label`, `text`, `image`, `is_correct`, `created_at`, `updated_at`) VALUES
(1, 1, '1', 'A', 'f', NULL, 0, '2025-09-01 02:43:20', '2025-09-01 02:43:20'),
(2, 1, '1', 'B', 'g', NULL, 0, '2025-09-01 02:43:20', '2025-09-01 02:43:20'),
(3, 1, '1', 'C', 'h', NULL, 0, '2025-09-01 02:43:20', '2025-09-01 02:43:20'),
(4, 1, '1', 'D', 'i', NULL, 0, '2025-09-01 02:43:20', '2025-09-01 02:43:20'),
(5, 1, '1', 'E', 'j', NULL, 1, '2025-09-01 02:43:20', '2025-09-01 02:43:20'),
(6, 2, '1', 'A', 'a', NULL, 0, '2025-09-01 02:43:20', '2025-09-01 02:43:20'),
(7, 2, '1', 'B', 'c', NULL, 0, '2025-09-01 02:43:20', '2025-09-01 02:43:20'),
(8, 2, '1', 'C', 'x', NULL, 0, '2025-09-01 02:43:20', '2025-09-01 02:43:20'),
(9, 2, '1', 'D', 'y', NULL, 0, '2025-09-01 02:43:20', '2025-09-01 02:43:20'),
(10, 2, '1', 'E', 'z', NULL, 1, '2025-09-01 02:43:20', '2025-09-01 02:43:20'),
(11, 3, '1', 'A', 'd', NULL, 0, '2025-09-01 02:43:20', '2025-09-01 02:43:20'),
(12, 3, '1', 'B', 'e', NULL, 0, '2025-09-01 02:43:20', '2025-09-01 02:43:20'),
(13, 3, '1', 'C', 'f', NULL, 0, '2025-09-01 02:43:20', '2025-09-01 02:43:20'),
(14, 3, '1', 'D', 'g', NULL, 1, '2025-09-01 02:43:20', '2025-09-01 02:43:20'),
(15, 3, '1', 'E', 'h', NULL, 0, '2025-09-01 02:43:20', '2025-09-01 02:43:20'),
(16, 4, '1', 'A', 'i', NULL, 1, '2025-09-01 02:43:20', '2025-09-01 02:43:20'),
(17, 4, '1', 'B', 'j', NULL, 0, '2025-09-01 02:43:20', '2025-09-01 02:43:20'),
(18, 4, '1', 'C', 'k', NULL, 0, '2025-09-01 02:43:20', '2025-09-01 02:43:20'),
(19, 4, '1', 'D', 'l', NULL, 0, '2025-09-01 02:43:20', '2025-09-01 02:43:20'),
(20, 4, '1', 'E', 'm', NULL, 0, '2025-09-01 02:43:20', '2025-09-01 02:43:20'),
(21, 5, '1', 'A', 'd', NULL, 0, '2025-09-01 02:43:20', '2025-09-01 02:43:20'),
(22, 5, '1', 'B', 'f', NULL, 0, '2025-09-01 02:43:20', '2025-09-01 02:43:20'),
(23, 5, '1', 'C', 'g', NULL, 0, '2025-09-01 02:43:20', '2025-09-01 02:43:20'),
(24, 5, '1', 'D', 'h', NULL, 1, '2025-09-01 02:43:20', '2025-09-01 02:43:20'),
(25, 5, '1', 'E', 'i', NULL, 0, '2025-09-01 02:43:20', '2025-09-01 02:43:20'),
(26, 6, '1', 'A', 'a', NULL, 0, '2025-09-01 02:43:20', '2025-09-01 02:43:20'),
(27, 6, '1', 'B', 'b', NULL, 0, '2025-09-01 02:43:20', '2025-09-01 02:43:20'),
(28, 6, '1', 'C', 'x', NULL, 1, '2025-09-01 02:43:20', '2025-09-01 02:43:20'),
(29, 6, '1', 'D', 'y', NULL, 0, '2025-09-01 02:43:20', '2025-09-01 02:43:20'),
(30, 6, '1', 'E', 'z', NULL, 0, '2025-09-01 02:43:20', '2025-09-01 02:43:20'),
(31, 7, '1', 'A', 'b', NULL, 0, '2025-09-01 02:43:20', '2025-09-01 02:43:20'),
(32, 7, '1', 'B', 'e', NULL, 0, '2025-09-01 02:43:20', '2025-09-01 02:43:20'),
(33, 7, '1', 'C', 'l', NULL, 1, '2025-09-01 02:43:20', '2025-09-01 02:43:20'),
(34, 7, '1', 'D', 'm', NULL, 0, '2025-09-01 02:43:20', '2025-09-01 02:43:20'),
(35, 7, '1', 'E', 'n', NULL, 0, '2025-09-01 02:43:20', '2025-09-01 02:43:20'),
(36, 8, '1', 'A', 'r', NULL, 1, '2025-09-01 02:43:20', '2025-09-01 02:43:20'),
(37, 8, '1', 'B', 's', NULL, 0, '2025-09-01 02:43:20', '2025-09-01 02:43:20'),
(38, 8, '1', 'C', 't', NULL, 0, '2025-09-01 02:43:20', '2025-09-01 02:43:20'),
(39, 8, '1', 'D', 'v', NULL, 0, '2025-09-01 02:43:20', '2025-09-01 02:43:20'),
(40, 8, '1', 'E', 'w', NULL, 0, '2025-09-01 02:43:20', '2025-09-01 02:43:20'),
(41, 9, '1', 'A', 'a', NULL, 0, '2025-09-01 02:43:20', '2025-09-01 02:43:20'),
(42, 9, '1', 'B', 'b', NULL, 0, '2025-09-01 02:43:20', '2025-09-01 02:43:20'),
(43, 9, '1', 'C', 'c', NULL, 0, '2025-09-01 02:43:20', '2025-09-01 02:43:20'),
(44, 9, '1', 'D', 'r', NULL, 0, '2025-09-01 02:43:20', '2025-09-01 02:43:20'),
(45, 9, '1', 'E', 's', NULL, 1, '2025-09-01 02:43:20', '2025-09-01 02:43:20'),
(46, 10, '1', 'A', 'e', NULL, 0, '2025-09-01 02:43:20', '2025-09-01 02:43:20'),
(47, 10, '1', 'B', 'f', NULL, 0, '2025-09-01 02:43:20', '2025-09-01 02:43:20'),
(48, 10, '1', 'C', 'g', NULL, 1, '2025-09-01 02:43:20', '2025-09-01 02:43:20'),
(49, 10, '1', 'D', 'h', NULL, 0, '2025-09-01 02:43:20', '2025-09-01 02:43:20'),
(50, 10, '1', 'E', 'i', NULL, 0, '2025-09-01 02:43:20', '2025-09-01 02:43:20'),
(51, 11, '1', 'A', 'm', NULL, 0, '2025-09-01 02:43:20', '2025-09-01 02:43:20'),
(52, 11, '1', 'B', 'n', NULL, 1, '2025-09-01 02:43:20', '2025-09-01 02:43:20'),
(53, 11, '1', 'C', 'o', NULL, 0, '2025-09-01 02:43:20', '2025-09-01 02:43:20'),
(54, 11, '1', 'D', 'p', NULL, 0, '2025-09-01 02:43:20', '2025-09-01 02:43:20'),
(55, 11, '1', 'E', 'q', NULL, 0, '2025-09-01 02:43:20', '2025-09-01 02:43:20'),
(56, 12, '1', 'A', 'e', NULL, 0, '2025-09-01 02:43:20', '2025-09-01 02:43:20'),
(57, 12, '1', 'B', 'f', NULL, 0, '2025-09-01 02:43:20', '2025-09-01 02:43:20'),
(58, 12, '1', 'C', 'g', NULL, 0, '2025-09-01 02:43:20', '2025-09-01 02:43:20'),
(59, 12, '1', 'D', 'h', NULL, 1, '2025-09-01 02:43:20', '2025-09-01 02:43:20'),
(60, 12, '1', 'E', 'i', NULL, 0, '2025-09-01 02:43:20', '2025-09-01 02:43:20'),
(61, 13, '1', 'A', 'd', NULL, 0, '2025-09-01 02:43:20', '2025-09-01 02:43:20'),
(62, 13, '1', 'B', 'e', NULL, 0, '2025-09-01 02:43:20', '2025-09-01 02:43:20'),
(63, 13, '1', 'C', 'p', NULL, 0, '2025-09-01 02:43:20', '2025-09-01 02:43:20'),
(64, 13, '1', 'D', 'q', NULL, 1, '2025-09-01 02:43:20', '2025-09-01 02:43:20'),
(65, 13, '1', 'E', 'r', NULL, 0, '2025-09-01 02:43:20', '2025-09-01 02:43:20'),
(66, 14, '1', 'A', 'o', NULL, 0, '2025-09-01 02:43:20', '2025-09-01 02:43:20'),
(67, 14, '1', 'B', 'p', NULL, 1, '2025-09-01 02:43:20', '2025-09-01 02:43:20'),
(68, 14, '1', 'C', 'q', NULL, 0, '2025-09-01 02:43:20', '2025-09-01 02:43:20'),
(69, 14, '1', 'D', 'r', NULL, 0, '2025-09-01 02:43:20', '2025-09-01 02:43:20'),
(70, 14, '1', 'E', 's', NULL, 0, '2025-09-01 02:43:20', '2025-09-01 02:43:20'),
(71, 15, '1', 'A', 'i', NULL, 0, '2025-09-01 02:43:20', '2025-09-01 02:43:20'),
(72, 15, '1', 'B', 'j', NULL, 0, '2025-09-01 02:43:20', '2025-09-01 02:43:20'),
(73, 15, '1', 'C', 'k', NULL, 0, '2025-09-01 02:43:20', '2025-09-01 02:43:20'),
(74, 15, '1', 'D', 'l', NULL, 1, '2025-09-01 02:43:20', '2025-09-01 02:43:20'),
(75, 15, '1', 'E', 'm', NULL, 0, '2025-09-01 02:43:20', '2025-09-01 02:43:20'),
(76, 16, '1', 'A', 'k', NULL, 0, '2025-09-01 02:43:20', '2025-09-01 02:43:20'),
(77, 16, '1', 'B', 'o', NULL, 0, '2025-09-01 02:43:20', '2025-09-01 02:43:20'),
(78, 16, '1', 'C', 'p', NULL, 0, '2025-09-01 02:43:20', '2025-09-01 02:43:20'),
(79, 16, '1', 'D', 'q', NULL, 1, '2025-09-01 02:43:20', '2025-09-01 02:43:20'),
(80, 16, '1', 'E', 'r', NULL, 0, '2025-09-01 02:43:20', '2025-09-01 02:43:20'),
(81, 17, '1', 'A', 'e', NULL, 0, '2025-09-01 02:43:20', '2025-09-01 02:43:20'),
(82, 17, '1', 'B', 'f', NULL, 1, '2025-09-01 02:43:20', '2025-09-01 02:43:20'),
(83, 17, '1', 'C', 'g', NULL, 0, '2025-09-01 02:43:20', '2025-09-01 02:43:20'),
(84, 17, '1', 'D', 'h', NULL, 0, '2025-09-01 02:43:20', '2025-09-01 02:43:20'),
(85, 17, '1', 'E', 'j', NULL, 0, '2025-09-01 02:43:20', '2025-09-01 02:43:20'),
(86, 18, '1', 'A', 'b', NULL, 0, '2025-09-01 02:43:20', '2025-09-01 02:43:20'),
(87, 18, '1', 'B', 'c', NULL, 1, '2025-09-01 02:43:20', '2025-09-01 02:43:20'),
(88, 18, '1', 'C', 'f', NULL, 0, '2025-09-01 02:43:20', '2025-09-01 02:43:20'),
(89, 18, '1', 'D', 'g', NULL, 0, '2025-09-01 02:43:20', '2025-09-01 02:43:20'),
(90, 18, '1', 'E', 'h', NULL, 0, '2025-09-01 02:43:20', '2025-09-01 02:43:20'),
(91, 19, '1', 'A', 'j', NULL, 0, '2025-09-01 02:43:20', '2025-09-01 02:43:20'),
(92, 19, '1', 'B', 'k', NULL, 0, '2025-09-01 02:43:20', '2025-09-01 02:43:20'),
(93, 19, '1', 'C', 'l', NULL, 0, '2025-09-01 02:43:20', '2025-09-01 02:43:20'),
(94, 19, '1', 'D', 'm', NULL, 1, '2025-09-01 02:43:20', '2025-09-01 02:43:20'),
(95, 19, '1', 'E', 'n', NULL, 0, '2025-09-01 02:43:20', '2025-09-01 02:43:20'),
(96, 20, '1', 'A', 'g', NULL, 1, '2025-09-01 02:43:20', '2025-09-01 02:43:20'),
(97, 20, '1', 'B', 'h', NULL, 0, '2025-09-01 02:43:20', '2025-09-01 02:43:20'),
(98, 20, '1', 'C', 'i', NULL, 0, '2025-09-01 02:43:20', '2025-09-01 02:43:20'),
(99, 20, '1', 'D', 'j', NULL, 0, '2025-09-01 02:43:20', '2025-09-01 02:43:20'),
(100, 20, '1', 'E', 'k', NULL, 0, '2025-09-01 02:43:20', '2025-09-01 02:43:20'),
(101, 21, '1', 'A', 'e', NULL, 1, '2025-09-01 02:43:20', '2025-09-01 02:43:20'),
(102, 21, '1', 'B', 'g', NULL, 0, '2025-09-01 02:43:20', '2025-09-01 02:43:20'),
(103, 21, '1', 'C', 'i', NULL, 0, '2025-09-01 02:43:20', '2025-09-01 02:43:20'),
(104, 21, '1', 'D', 'j', NULL, 0, '2025-09-01 02:43:20', '2025-09-01 02:43:20'),
(105, 21, '1', 'E', 'l', NULL, 0, '2025-09-01 02:43:20', '2025-09-01 02:43:20'),
(106, 22, '1', 'A', 'f', NULL, 0, '2025-09-01 02:43:20', '2025-09-01 02:43:20'),
(107, 22, '1', 'B', 'g', NULL, 0, '2025-09-01 02:43:20', '2025-09-01 02:43:20'),
(108, 22, '1', 'C', 'h', NULL, 1, '2025-09-01 02:43:20', '2025-09-01 02:43:20'),
(109, 22, '1', 'D', 'j', NULL, 0, '2025-09-01 02:43:20', '2025-09-01 02:43:20'),
(110, 22, '1', 'E', 'k', NULL, 0, '2025-09-01 02:43:20', '2025-09-01 02:43:20'),
(111, 23, '1', 'A', 'c', NULL, 0, '2025-09-01 02:43:20', '2025-09-01 02:43:20'),
(112, 23, '1', 'B', 'd', NULL, 1, '2025-09-01 02:43:20', '2025-09-01 02:43:20'),
(113, 23, '1', 'C', 'e', NULL, 0, '2025-09-01 02:43:20', '2025-09-01 02:43:20'),
(114, 23, '1', 'D', 'f', NULL, 0, '2025-09-01 02:43:20', '2025-09-01 02:43:20'),
(115, 23, '1', 'E', 'g', NULL, 0, '2025-09-01 02:43:20', '2025-09-01 02:43:20'),
(116, 24, '1', 'A', 'h', NULL, 0, '2025-09-01 02:43:20', '2025-09-01 02:43:20'),
(117, 24, '1', 'B', 'i', NULL, 0, '2025-09-01 02:43:20', '2025-09-01 02:43:20'),
(118, 24, '1', 'C', 'j', NULL, 0, '2025-09-01 02:43:20', '2025-09-01 02:43:20'),
(119, 24, '1', 'D', 'k', NULL, 0, '2025-09-01 02:43:20', '2025-09-01 02:43:20'),
(120, 24, '1', 'E', 'l', NULL, 1, '2025-09-01 02:43:20', '2025-09-01 02:43:20'),
(121, 25, '1', 'A', 'd', NULL, 0, '2025-09-01 02:43:20', '2025-09-01 02:43:20'),
(122, 25, '1', 'B', 'h', NULL, 0, '2025-09-01 02:43:20', '2025-09-01 02:43:20'),
(123, 25, '1', 'C', 'i', NULL, 1, '2025-09-01 02:43:20', '2025-09-01 02:43:20'),
(124, 25, '1', 'D', 'm', NULL, 0, '2025-09-01 02:43:20', '2025-09-01 02:43:20'),
(125, 25, '1', 'E', 'n', NULL, 0, '2025-09-01 02:43:20', '2025-09-01 02:43:20'),
(126, 26, '1', 'A', 'c', NULL, 0, '2025-09-01 02:43:20', '2025-09-01 02:43:20'),
(127, 26, '1', 'B', 'd', NULL, 0, '2025-09-01 02:43:20', '2025-09-01 02:43:20'),
(128, 26, '1', 'C', 'e', NULL, 0, '2025-09-01 02:43:20', '2025-09-01 02:43:20'),
(129, 26, '1', 'D', 'f', NULL, 1, '2025-09-01 02:43:20', '2025-09-01 02:43:20'),
(130, 26, '1', 'E', 'g', NULL, 0, '2025-09-01 02:43:20', '2025-09-01 02:43:20'),
(131, 27, '1', 'A', 'h', NULL, 0, '2025-09-01 02:43:20', '2025-09-01 02:43:20'),
(132, 27, '1', 'B', 'i', NULL, 0, '2025-09-01 02:43:20', '2025-09-01 02:43:20'),
(133, 27, '1', 'C', 'j', NULL, 0, '2025-09-01 02:43:20', '2025-09-01 02:43:20'),
(134, 27, '1', 'D', 'k', NULL, 1, '2025-09-01 02:43:20', '2025-09-01 02:43:20'),
(135, 27, '1', 'E', 'l', NULL, 0, '2025-09-01 02:43:20', '2025-09-01 02:43:20'),
(136, 28, '1', 'A', 'm', NULL, 0, '2025-09-01 02:43:20', '2025-09-01 02:43:20'),
(137, 28, '1', 'B', 'n', NULL, 0, '2025-09-01 02:43:20', '2025-09-01 02:43:20'),
(138, 28, '1', 'C', 'o', NULL, 0, '2025-09-01 02:43:20', '2025-09-01 02:43:20'),
(139, 28, '1', 'D', 'p', NULL, 0, '2025-09-01 02:43:20', '2025-09-01 02:43:20'),
(140, 28, '1', 'E', 'q', NULL, 1, '2025-09-01 02:43:20', '2025-09-01 02:43:20'),
(141, 29, '1', 'A', 'r', NULL, 0, '2025-09-01 02:43:20', '2025-09-01 02:43:20'),
(142, 29, '1', 'B', 's', NULL, 0, '2025-09-01 02:43:20', '2025-09-01 02:43:20'),
(143, 29, '1', 'C', 't', NULL, 1, '2025-09-01 02:43:20', '2025-09-01 02:43:20'),
(144, 29, '1', 'D', 'v', NULL, 0, '2025-09-01 02:43:20', '2025-09-01 02:43:20'),
(145, 29, '1', 'E', 'w', NULL, 0, '2025-09-01 02:43:20', '2025-09-01 02:43:20'),
(146, 30, '1', 'A', 'a', NULL, 0, '2025-09-01 02:43:20', '2025-09-01 02:43:20'),
(147, 30, '1', 'B', 'b', NULL, 1, '2025-09-01 02:43:20', '2025-09-01 02:43:20'),
(148, 30, '1', 'C', 'c', NULL, 0, '2025-09-01 02:43:20', '2025-09-01 02:43:20'),
(149, 30, '1', 'D', 'd', NULL, 0, '2025-09-01 02:43:20', '2025-09-01 02:43:20'),
(150, 30, '1', 'E', 'e', NULL, 0, '2025-09-01 02:43:20', '2025-09-01 02:43:20'),
(151, 31, '1', 'A', 'f', NULL, 0, '2025-09-01 02:43:20', '2025-09-01 02:43:20'),
(152, 31, '1', 'B', 'g', NULL, 0, '2025-09-01 02:43:20', '2025-09-01 02:43:20'),
(153, 31, '1', 'C', 'h', NULL, 0, '2025-09-01 02:43:20', '2025-09-01 02:43:20'),
(154, 31, '1', 'D', 'i', NULL, 0, '2025-09-01 02:43:20', '2025-09-01 02:43:20'),
(155, 31, '1', 'E', 'j', NULL, 1, '2025-09-01 02:43:20', '2025-09-01 02:43:20'),
(156, 32, '1', 'A', 'k', NULL, 0, '2025-09-01 02:43:20', '2025-09-01 02:43:20'),
(157, 32, '1', 'B', 'l', NULL, 0, '2025-09-01 02:43:20', '2025-09-01 02:43:20'),
(158, 32, '1', 'C', 'm', NULL, 0, '2025-09-01 02:43:20', '2025-09-01 02:43:20'),
(159, 32, '1', 'D', 'n', NULL, 1, '2025-09-01 02:43:20', '2025-09-01 02:43:20'),
(160, 32, '1', 'E', 'o', NULL, 0, '2025-09-01 02:43:20', '2025-09-01 02:43:20'),
(161, 33, '1', 'A', 'p', NULL, 0, '2025-09-01 02:43:20', '2025-09-01 02:43:20'),
(162, 33, '1', 'B', 'q', NULL, 0, '2025-09-01 02:43:20', '2025-09-01 02:43:20'),
(163, 33, '1', 'C', 'r', NULL, 1, '2025-09-01 02:43:20', '2025-09-01 02:43:20'),
(164, 33, '1', 'D', 's', NULL, 0, '2025-09-01 02:43:20', '2025-09-01 02:43:20'),
(165, 33, '1', 'E', 't', NULL, 0, '2025-09-01 02:43:20', '2025-09-01 02:43:20'),
(166, 34, '1', 'A', 'u', NULL, 0, '2025-09-01 02:43:20', '2025-09-01 02:43:20'),
(167, 34, '1', 'B', 'v', NULL, 0, '2025-09-01 02:43:20', '2025-09-01 02:43:20'),
(168, 34, '1', 'C', 'w', NULL, 1, '2025-09-01 02:43:20', '2025-09-01 02:43:20'),
(169, 34, '1', 'D', 'x', NULL, 0, '2025-09-01 02:43:20', '2025-09-01 02:43:20'),
(170, 34, '1', 'E', 'y', NULL, 0, '2025-09-01 02:43:20', '2025-09-01 02:43:20'),
(171, 35, '1', 'A', 'z', NULL, 0, '2025-09-01 02:43:20', '2025-09-01 02:43:20'),
(172, 35, '1', 'B', 'a', NULL, 0, '2025-09-01 02:43:20', '2025-09-01 02:43:20'),
(173, 35, '1', 'C', 'b', NULL, 0, '2025-09-01 02:43:20', '2025-09-01 02:43:20'),
(174, 35, '1', 'D', 'c', NULL, 1, '2025-09-01 02:43:20', '2025-09-01 02:43:20'),
(175, 35, '1', 'E', 'd', NULL, 0, '2025-09-01 02:43:20', '2025-09-01 02:43:20'),
(176, 36, '1', 'A', 'e', NULL, 1, '2025-09-01 02:43:20', '2025-09-01 02:43:20'),
(177, 36, '1', 'B', 'f', NULL, 0, '2025-09-01 02:43:20', '2025-09-01 02:43:20'),
(178, 36, '1', 'C', 'g', NULL, 0, '2025-09-01 02:43:20', '2025-09-01 02:43:20'),
(179, 36, '1', 'D', 'h', NULL, 0, '2025-09-01 02:43:20', '2025-09-01 02:43:20'),
(180, 36, '1', 'E', 'i', NULL, 0, '2025-09-01 02:43:20', '2025-09-01 02:43:20'),
(181, 37, '1', 'A', 'j', NULL, 0, '2025-09-01 02:43:20', '2025-09-01 02:43:20'),
(182, 37, '1', 'B', 'k', NULL, 0, '2025-09-01 02:43:20', '2025-09-01 02:43:20'),
(183, 37, '1', 'C', 'l', NULL, 0, '2025-09-01 02:43:20', '2025-09-01 02:43:20'),
(184, 37, '1', 'D', 'm', NULL, 1, '2025-09-01 02:43:20', '2025-09-01 02:43:20'),
(185, 37, '1', 'E', 'n', NULL, 0, '2025-09-01 02:43:20', '2025-09-01 02:43:20'),
(186, 38, '1', 'A', 'o', NULL, 0, '2025-09-01 02:43:20', '2025-09-01 02:43:20'),
(187, 38, '1', 'B', 'p', NULL, 0, '2025-09-01 02:43:20', '2025-09-01 02:43:20'),
(188, 38, '1', 'C', 'q', NULL, 0, '2025-09-01 02:43:20', '2025-09-01 02:43:20'),
(189, 38, '1', 'D', 'r', NULL, 0, '2025-09-01 02:43:20', '2025-09-01 02:43:20'),
(190, 38, '1', 'E', 's', NULL, 1, '2025-09-01 02:43:20', '2025-09-01 02:43:20'),
(191, 39, '1', 'A', 't', NULL, 1, '2025-09-01 02:43:20', '2025-09-01 02:43:20'),
(192, 39, '1', 'B', 'u', NULL, 0, '2025-09-01 02:43:20', '2025-09-01 02:43:20'),
(193, 39, '1', 'C', 'v', NULL, 0, '2025-09-01 02:43:20', '2025-09-01 02:43:20'),
(194, 39, '1', 'D', 'w', NULL, 0, '2025-09-01 02:43:20', '2025-09-01 02:43:20'),
(195, 39, '1', 'E', 'x', NULL, 0, '2025-09-01 02:43:20', '2025-09-01 02:43:20'),
(196, 40, '1', 'A', 'y', NULL, 0, '2025-09-01 02:43:20', '2025-09-01 02:43:20'),
(197, 40, '1', 'B', 'z', NULL, 1, '2025-09-01 02:43:20', '2025-09-01 02:43:20'),
(198, 40, '1', 'C', 'a', NULL, 0, '2025-09-01 02:43:20', '2025-09-01 02:43:20'),
(199, 40, '1', 'D', 'b', NULL, 0, '2025-09-01 02:43:20', '2025-09-01 02:43:20'),
(200, 40, '1', 'E', 'c', NULL, 0, '2025-09-01 02:43:20', '2025-09-01 02:43:20'),
(201, 41, '2', 'A', NULL, 'q1c1.gif', 0, '2025-09-10 03:00:53', '2025-09-10 03:00:53'),
(202, 41, '2', 'B', NULL, 'q1c2.gif', 0, '2025-09-10 03:00:53', '2025-09-10 03:00:53'),
(203, 41, '2', 'C', NULL, 'q1c3.gif', 1, '2025-09-10 03:00:53', '2025-09-10 03:00:53'),
(204, 41, '2', 'D', NULL, 'q1c4.gif', 0, '2025-09-10 03:00:53', '2025-09-10 03:00:53'),
(205, 41, '2', 'E', NULL, 'q1c5.gif', 0, '2025-09-10 03:00:53', '2025-09-10 03:00:53'),
(206, 42, '2', 'A', NULL, 'q2c1.gif', 0, '2025-09-10 03:00:53', '2025-09-10 03:00:53'),
(207, 42, '2', 'B', NULL, 'q2c2.gif', 0, '2025-09-10 03:00:53', '2025-09-10 03:00:53'),
(208, 42, '2', 'C', NULL, 'q2c3.gif', 0, '2025-09-10 03:00:53', '2025-09-10 03:00:53'),
(209, 42, '2', 'D', NULL, 'q2c4.gif', 1, '2025-09-10 03:00:53', '2025-09-10 03:00:53'),
(210, 42, '2', 'E', NULL, 'q2c5.gif', 0, '2025-09-10 03:00:53', '2025-09-10 03:00:53'),
(211, 43, '2', 'A', NULL, 'q3c1.gif', 0, '2025-09-10 03:00:53', '2025-09-10 03:00:53'),
(212, 43, '2', 'B', NULL, 'q3c2.gif', 0, '2025-09-10 03:00:53', '2025-09-10 03:00:53'),
(213, 43, '2', 'C', NULL, 'q3c3.gif', 0, '2025-09-10 03:00:53', '2025-09-10 03:00:53'),
(214, 43, '2', 'D', NULL, 'q3c4.gif', 0, '2025-09-10 03:00:53', '2025-09-10 03:00:53'),
(215, 43, '2', 'E', NULL, 'q3c5.gif', 1, '2025-09-10 03:00:53', '2025-09-10 03:00:53'),
(216, 44, '2', 'A', NULL, 'q4c1.gif', 0, '2025-09-10 03:00:53', '2025-09-10 03:00:53'),
(217, 44, '2', 'B', NULL, 'q4c2.gif', 1, '2025-09-10 03:00:53', '2025-09-10 03:00:53'),
(218, 44, '2', 'C', NULL, 'q4c3.gif', 0, '2025-09-10 03:00:53', '2025-09-10 03:00:53'),
(219, 44, '2', 'D', NULL, 'q4c4.gif', 0, '2025-09-10 03:00:53', '2025-09-10 03:00:53'),
(220, 44, '2', 'E', NULL, 'q4c5.gif', 0, '2025-09-10 03:00:53', '2025-09-10 03:00:53'),
(221, 45, '2', 'A', NULL, 'q5c1.gif', 0, '2025-09-10 03:00:53', '2025-09-10 03:00:53'),
(222, 45, '2', 'B', NULL, 'q5c2.gif', 1, '2025-09-10 03:00:53', '2025-09-10 03:00:53'),
(223, 45, '2', 'C', NULL, 'q5c3.gif', 0, '2025-09-10 03:00:53', '2025-09-10 03:00:53'),
(224, 45, '2', 'D', NULL, 'q5c4.gif', 0, '2025-09-10 03:00:53', '2025-09-10 03:00:53'),
(225, 45, '2', 'E', NULL, 'q5c5.gif', 0, '2025-09-10 03:00:53', '2025-09-10 03:00:53'),
(226, 46, '2', 'A', NULL, 'q6c1.gif', 1, '2025-09-10 03:00:53', '2025-09-10 03:00:53'),
(227, 46, '2', 'B', NULL, 'q6c2.gif', 0, '2025-09-10 03:00:53', '2025-09-10 03:00:53'),
(228, 46, '2', 'C', NULL, 'q6c3.gif', 0, '2025-09-10 03:00:53', '2025-09-10 03:00:53'),
(229, 46, '2', 'D', NULL, 'q6c4.gif', 0, '2025-09-10 03:00:53', '2025-09-10 03:00:53'),
(230, 46, '2', 'E', NULL, 'q6c5.gif', 0, '2025-09-10 03:00:53', '2025-09-10 03:00:53'),
(231, 47, '2', 'A', NULL, 'q7c1.gif', 0, '2025-09-10 03:00:53', '2025-09-10 03:00:53'),
(232, 47, '2', 'B', NULL, 'q7c2.gif', 0, '2025-09-10 03:00:53', '2025-09-10 03:00:53'),
(233, 47, '2', 'C', NULL, 'q7c3.gif', 1, '2025-09-10 03:00:53', '2025-09-10 03:00:53'),
(234, 47, '2', 'D', NULL, 'q7c4.gif', 0, '2025-09-10 03:00:53', '2025-09-10 03:00:53'),
(235, 47, '2', 'E', NULL, 'q7c5.gif', 0, '2025-09-10 03:00:53', '2025-09-10 03:00:53'),
(236, 48, '2', 'A', NULL, 'q8c1.gif', 0, '2025-09-10 03:00:53', '2025-09-10 03:00:53'),
(237, 48, '2', 'B', NULL, 'q8c2.gif', 0, '2025-09-10 03:00:53', '2025-09-10 03:00:53'),
(238, 48, '2', 'C', NULL, 'q8c3.gif', 0, '2025-09-10 03:00:53', '2025-09-10 03:00:53'),
(239, 48, '2', 'D', NULL, 'q8c4.gif', 0, '2025-09-10 03:00:53', '2025-09-10 03:00:53'),
(240, 48, '2', 'E', NULL, 'q8c5.gif', 1, '2025-09-10 03:00:53', '2025-09-10 03:00:53'),
(241, 49, '2', 'A', NULL, 'q9c1.gif', 0, '2025-09-10 03:00:53', '2025-09-10 03:00:53'),
(242, 49, '2', 'B', NULL, 'q9c2.gif', 0, '2025-09-10 03:00:53', '2025-09-10 03:00:53'),
(243, 49, '2', 'C', NULL, 'q9c3.gif', 1, '2025-09-10 03:00:53', '2025-09-10 03:00:53'),
(244, 49, '2', 'D', NULL, 'q9c4.gif', 0, '2025-09-10 03:00:53', '2025-09-10 03:00:53'),
(245, 49, '2', 'E', NULL, 'q9c5.gif', 0, '2025-09-10 03:00:53', '2025-09-10 03:00:53'),
(246, 50, '2', 'A', NULL, 'q10c1.gif', 1, '2025-09-10 03:00:53', '2025-09-10 03:00:53'),
(247, 50, '2', 'B', NULL, 'q10c2.gif', 0, '2025-09-10 03:00:53', '2025-09-10 03:00:53'),
(248, 50, '2', 'C', NULL, 'q10c3.gif', 0, '2025-09-10 03:00:53', '2025-09-10 03:00:53'),
(249, 50, '2', 'D', NULL, 'q10c4.gif', 0, '2025-09-10 03:00:53', '2025-09-10 03:00:53'),
(250, 50, '2', 'E', NULL, 'q10c5.gif', 0, '2025-09-10 03:00:53', '2025-09-10 03:00:53'),
(251, 51, '2', 'A', NULL, 'q11c1.gif', 0, '2025-09-10 03:00:53', '2025-09-10 03:00:53'),
(252, 51, '2', 'B', NULL, 'q11c2.gif', 0, '2025-09-10 03:00:53', '2025-09-10 03:00:53'),
(253, 51, '2', 'C', NULL, 'q11c3.gif', 0, '2025-09-10 03:00:53', '2025-09-10 03:00:53'),
(254, 51, '2', 'D', NULL, 'q11c4.gif', 1, '2025-09-10 03:00:53', '2025-09-10 03:00:53'),
(255, 51, '2', 'E', NULL, 'q11c5.gif', 0, '2025-09-10 03:00:53', '2025-09-10 03:00:53'),
(256, 52, '2', 'A', NULL, 'q12c1.gif', 0, '2025-09-10 03:00:53', '2025-09-10 03:00:53'),
(257, 52, '2', 'B', NULL, 'q12c2.gif', 0, '2025-09-10 03:00:53', '2025-09-10 03:00:53'),
(258, 52, '2', 'C', NULL, 'q12c3.gif', 1, '2025-09-10 03:00:53', '2025-09-10 03:00:53'),
(259, 52, '2', 'D', NULL, 'q12c4.gif', 0, '2025-09-10 03:00:53', '2025-09-10 03:00:53'),
(260, 52, '2', 'E', NULL, 'q12c5.gif', 0, '2025-09-10 03:00:53', '2025-09-10 03:00:53'),
(261, 53, '2', 'A', NULL, 'q13c1.gif', 0, '2025-09-10 03:00:53', '2025-09-10 03:00:53'),
(262, 53, '2', 'B', NULL, 'q13c2.gif', 0, '2025-09-10 03:00:53', '2025-09-10 03:00:53'),
(263, 53, '2', 'C', NULL, 'q13c3.gif', 0, '2025-09-10 03:00:53', '2025-09-10 03:00:53'),
(264, 53, '2', 'D', NULL, 'q13c4.gif', 1, '2025-09-10 03:00:53', '2025-09-10 03:00:53'),
(265, 53, '2', 'E', NULL, 'q13c5.gif', 0, '2025-09-10 03:00:53', '2025-09-10 03:00:53'),
(266, 54, '2', 'A', NULL, 'q14c1.gif', 1, '2025-09-10 03:00:53', '2025-09-10 03:00:53'),
(267, 54, '2', 'B', NULL, 'q14c2.gif', 0, '2025-09-10 03:00:53', '2025-09-10 03:00:53'),
(268, 54, '2', 'C', NULL, 'q14c3.gif', 0, '2025-09-10 03:00:53', '2025-09-10 03:00:53'),
(269, 54, '2', 'D', NULL, 'q14c4.gif', 0, '2025-09-10 03:00:53', '2025-09-10 03:00:53'),
(270, 54, '2', 'E', NULL, 'q14c5.gif', 0, '2025-09-10 03:00:53', '2025-09-10 03:00:53'),
(271, 55, '2', 'A', NULL, 'q15c1.gif', 1, '2025-09-10 03:00:53', '2025-09-10 03:00:53'),
(272, 55, '2', 'B', NULL, 'q15c2.gif', 0, '2025-09-10 03:00:53', '2025-09-10 03:00:53'),
(273, 55, '2', 'C', NULL, 'q15c3.gif', 0, '2025-09-10 03:00:53', '2025-09-10 03:00:53'),
(274, 55, '2', 'D', NULL, 'q15c4.gif', 0, '2025-09-10 03:00:53', '2025-09-10 03:00:53'),
(275, 55, '2', 'E', NULL, 'q15c5.gif', 0, '2025-09-10 03:00:53', '2025-09-10 03:00:53'),
(276, 56, '2', 'A', NULL, 'q16c1.gif', 0, '2025-09-10 03:00:53', '2025-09-10 03:00:53'),
(277, 56, '2', 'B', NULL, 'q16c2.gif', 0, '2025-09-10 03:00:53', '2025-09-10 03:00:53'),
(278, 56, '2', 'C', NULL, 'q16c3.gif', 0, '2025-09-10 03:00:53', '2025-09-10 03:00:53'),
(279, 56, '2', 'D', NULL, 'q16c4.gif', 1, '2025-09-10 03:00:53', '2025-09-10 03:00:53'),
(280, 56, '2', 'E', NULL, 'q16c5.gif', 0, '2025-09-10 03:00:53', '2025-09-10 03:00:53'),
(281, 57, '2', 'A', NULL, 'q17c1.gif', 0, '2025-09-10 03:00:53', '2025-09-10 03:00:53'),
(282, 57, '2', 'B', NULL, 'q17c2.gif', 1, '2025-09-10 03:00:53', '2025-09-10 03:00:53'),
(283, 57, '2', 'C', NULL, 'q17c3.gif', 0, '2025-09-10 03:00:53', '2025-09-10 03:00:53'),
(284, 57, '2', 'D', NULL, 'q17c4.gif', 0, '2025-09-10 03:00:53', '2025-09-10 03:00:53'),
(285, 57, '2', 'E', NULL, 'q17c5.gif', 0, '2025-09-10 03:00:53', '2025-09-10 03:00:53'),
(286, 58, '2', 'A', NULL, 'q18c1.gif', 0, '2025-09-10 03:00:53', '2025-09-10 03:00:53'),
(287, 58, '2', 'B', NULL, 'q18c2.gif', 0, '2025-09-10 03:00:53', '2025-09-10 03:00:53'),
(288, 58, '2', 'C', NULL, 'q18c3.gif', 1, '2025-09-10 03:00:53', '2025-09-10 03:00:53'),
(289, 58, '2', 'D', NULL, 'q18c4.gif', 0, '2025-09-10 03:00:53', '2025-09-10 03:00:53'),
(290, 58, '2', 'E', NULL, 'q18c5.gif', 0, '2025-09-10 03:00:53', '2025-09-10 03:00:53'),
(291, 59, '2', 'A', NULL, 'q19c1.gif', 1, '2025-09-10 03:00:53', '2025-09-10 03:00:53'),
(292, 59, '2', 'B', NULL, 'q19c2.gif', 0, '2025-09-10 03:00:53', '2025-09-10 03:00:53'),
(293, 59, '2', 'C', NULL, 'q19c3.gif', 0, '2025-09-10 03:00:53', '2025-09-10 03:00:53'),
(294, 59, '2', 'D', NULL, 'q19c4.gif', 0, '2025-09-10 03:00:53', '2025-09-10 03:00:53'),
(295, 59, '2', 'E', NULL, 'q19c5.gif', 0, '2025-09-10 03:00:53', '2025-09-10 03:00:53'),
(296, 60, '2', 'A', NULL, 'q20c1.gif', 0, '2025-09-10 03:00:53', '2025-09-10 03:00:53'),
(297, 60, '2', 'B', NULL, 'q20c2.gif', 0, '2025-09-10 03:00:53', '2025-09-10 03:00:53'),
(298, 60, '2', 'C', NULL, 'q20c3.gif', 0, '2025-09-10 03:00:53', '2025-09-10 03:00:53'),
(299, 60, '2', 'D', NULL, 'q20c4.gif', 1, '2025-09-10 03:00:53', '2025-09-10 03:00:53'),
(300, 60, '2', 'E', NULL, 'q20c5.gif', 0, '2025-09-10 03:00:53', '2025-09-10 03:00:53'),
(301, 61, '2', 'A', NULL, 'q21c1.gif', 1, '2025-09-10 03:00:53', '2025-09-10 03:00:53'),
(302, 61, '2', 'B', NULL, 'q21c2.gif', 0, '2025-09-10 03:00:53', '2025-09-10 03:00:53'),
(303, 61, '2', 'C', NULL, 'q21c3.gif', 0, '2025-09-10 03:00:53', '2025-09-10 03:00:53'),
(304, 61, '2', 'D', NULL, 'q21c4.gif', 0, '2025-09-10 03:00:53', '2025-09-10 03:00:53'),
(305, 61, '2', 'E', NULL, 'q21c5.gif', 0, '2025-09-10 03:00:53', '2025-09-10 03:00:53'),
(306, 62, '2', 'A', NULL, 'q22c1.gif', 0, '2025-09-10 03:00:53', '2025-09-10 03:00:53'),
(307, 62, '2', 'B', NULL, 'q22c2.gif', 0, '2025-09-10 03:00:53', '2025-09-10 03:00:53'),
(308, 62, '2', 'C', NULL, 'q22c3.gif', 1, '2025-09-10 03:00:53', '2025-09-10 03:00:53'),
(309, 62, '2', 'D', NULL, 'q22c4.gif', 0, '2025-09-10 03:00:53', '2025-09-10 03:00:53'),
(310, 62, '2', 'E', NULL, 'q22c5.gif', 0, '2025-09-10 03:00:53', '2025-09-10 03:00:53'),
(311, 63, '2', 'A', NULL, 'q23c1.gif', 0, '2025-09-10 03:00:53', '2025-09-10 03:00:53'),
(312, 63, '2', 'B', NULL, 'q23c2.gif', 1, '2025-09-10 03:00:53', '2025-09-10 03:00:53'),
(313, 63, '2', 'C', NULL, 'q23c3.gif', 0, '2025-09-10 03:00:53', '2025-09-10 03:00:53'),
(314, 63, '2', 'D', NULL, 'q23c4.gif', 0, '2025-09-10 03:00:53', '2025-09-10 03:00:53'),
(315, 63, '2', 'E', NULL, 'q23c5.gif', 0, '2025-09-10 03:00:53', '2025-09-10 03:00:53'),
(316, 64, '2', 'A', NULL, 'q24c1.gif', 0, '2025-09-10 03:00:53', '2025-09-10 03:00:53'),
(317, 64, '2', 'B', NULL, 'q24c2.gif', 1, '2025-09-10 03:00:53', '2025-09-10 03:00:53'),
(318, 64, '2', 'C', NULL, 'q24c3.gif', 0, '2025-09-10 03:00:53', '2025-09-10 03:00:53'),
(319, 64, '2', 'D', NULL, 'q24c4.gif', 0, '2025-09-10 03:00:53', '2025-09-10 03:00:53'),
(320, 64, '2', 'E', NULL, 'q24c5.gif', 0, '2025-09-10 03:00:53', '2025-09-10 03:00:53'),
(321, 65, '2', 'A', NULL, 'q25c1.gif', 0, '2025-09-10 03:00:53', '2025-09-10 03:00:53'),
(322, 65, '2', 'B', NULL, 'q25c2.gif', 0, '2025-09-10 03:00:53', '2025-09-10 03:00:53'),
(323, 65, '2', 'C', NULL, 'q25c3.gif', 0, '2025-09-10 03:00:53', '2025-09-10 03:00:53'),
(324, 65, '2', 'D', NULL, 'q25c4.gif', 0, '2025-09-10 03:00:53', '2025-09-10 03:00:53'),
(325, 65, '2', 'E', NULL, 'q25c5.gif', 1, '2025-09-10 03:00:53', '2025-09-10 03:00:53'),
(326, 66, '2', 'A', NULL, 'q26c1.gif', 1, '2025-09-10 03:00:53', '2025-09-10 03:00:53'),
(327, 66, '2', 'B', NULL, 'q26c2.gif', 0, '2025-09-10 03:00:53', '2025-09-10 03:00:53'),
(328, 66, '2', 'C', NULL, 'q26c3.gif', 0, '2025-09-10 03:00:53', '2025-09-10 03:00:53'),
(329, 66, '2', 'D', NULL, 'q26c4.gif', 0, '2025-09-10 03:00:53', '2025-09-10 03:00:53'),
(330, 66, '2', 'E', NULL, 'q26c5.gif', 0, '2025-09-10 03:00:53', '2025-09-10 03:00:53'),
(331, 67, '2', 'A', NULL, 'q27c1.gif', 0, '2025-09-10 03:00:53', '2025-09-10 03:00:53'),
(332, 67, '2', 'B', NULL, 'q27c2.gif', 0, '2025-09-10 03:00:53', '2025-09-10 03:00:53'),
(333, 67, '2', 'C', NULL, 'q27c3.gif', 0, '2025-09-10 03:00:53', '2025-09-10 03:00:53'),
(334, 67, '2', 'D', NULL, 'q27c4.gif', 0, '2025-09-10 03:00:53', '2025-09-10 03:00:53'),
(335, 67, '2', 'E', NULL, 'q27c5.gif', 1, '2025-09-10 03:00:53', '2025-09-10 03:00:53'),
(336, 68, '2', 'A', NULL, 'q28c1.gif', 0, '2025-09-10 03:00:53', '2025-09-10 03:00:53'),
(337, 68, '2', 'B', NULL, 'q28c2.gif', 0, '2025-09-10 03:00:53', '2025-09-10 03:00:53'),
(338, 68, '2', 'C', NULL, 'q28c3.gif', 0, '2025-09-10 03:00:53', '2025-09-10 03:00:53'),
(339, 68, '2', 'D', NULL, 'q28c4.gif', 0, '2025-09-10 03:00:53', '2025-09-10 03:00:53'),
(340, 68, '2', 'E', NULL, 'q28c5.gif', 1, '2025-09-10 03:00:53', '2025-09-10 03:00:53'),
(341, 69, '2', 'A', NULL, 'q29c1.gif', 0, '2025-09-10 03:00:53', '2025-09-10 03:00:53'),
(342, 69, '2', 'B', NULL, 'q29c2.gif', 0, '2025-09-10 03:00:53', '2025-09-10 03:00:53'),
(343, 69, '2', 'C', NULL, 'q29c3.gif', 0, '2025-09-10 03:00:53', '2025-09-10 03:00:53'),
(344, 69, '2', 'D', NULL, 'q29c4.gif', 0, '2025-09-10 03:00:53', '2025-09-10 03:00:53'),
(345, 69, '2', 'E', NULL, 'q29c5.gif', 1, '2025-09-10 03:00:53', '2025-09-10 03:00:53'),
(346, 70, '2', 'A', NULL, 'q30c1.gif', 0, '2025-09-10 03:00:53', '2025-09-10 03:00:53'),
(347, 70, '2', 'B', NULL, 'q30c2.gif', 0, '2025-09-10 03:00:53', '2025-09-10 03:00:53'),
(348, 70, '2', 'C', NULL, 'q30c3.gif', 0, '2025-09-10 03:00:53', '2025-09-10 03:00:53'),
(349, 70, '2', 'D', NULL, 'q30c4.gif', 1, '2025-09-10 03:00:53', '2025-09-10 03:00:53'),
(350, 70, '2', 'E', NULL, 'q30c5.gif', 0, '2025-09-10 03:00:53', '2025-09-10 03:00:53'),
(351, 71, '3', 'A', '1', NULL, 1, '2025-09-25 01:08:05', '2025-09-25 01:08:05'),
(352, 71, '3', 'B', '10', NULL, 0, '2025-09-25 01:08:05', '2025-09-25 01:08:05'),
(353, 71, '3', 'C', '100', NULL, 0, '2025-09-25 01:08:05', '2025-09-25 01:08:05'),
(354, 71, '3', 'D', '1,000', NULL, 0, '2025-09-25 01:08:05', '2025-09-25 01:08:05'),
(355, 71, '3', 'E', '10,000', NULL, 0, '2025-09-25 01:08:05', '2025-09-25 01:08:05'),
(356, 72, '3', 'A', '36メートル', NULL, 0, '2025-09-25 01:08:05', '2025-09-25 01:08:05'),
(357, 72, '3', 'B', '40メートル', NULL, 0, '2025-09-25 01:08:05', '2025-09-25 01:08:05'),
(358, 72, '3', 'C', '45メートル', NULL, 1, '2025-09-25 01:08:05', '2025-09-25 01:08:05'),
(359, 72, '3', 'D', '48メートル', NULL, 0, '2025-09-25 01:08:05', '2025-09-25 01:08:05'),
(360, 72, '3', 'E', '72メートル', NULL, 0, '2025-09-25 01:08:05', '2025-09-25 01:08:05'),
(361, 73, '3', 'A', '95円', NULL, 0, '2025-09-25 01:08:05', '2025-09-25 01:08:05'),
(362, 73, '3', 'B', '105円', NULL, 1, '2025-09-25 01:08:05', '2025-09-25 01:08:05'),
(363, 73, '3', 'C', '115円', NULL, 0, '2025-09-25 01:08:05', '2025-09-25 01:08:05'),
(364, 73, '3', 'D', '160円', NULL, 0, '2025-09-25 01:08:05', '2025-09-25 01:08:05'),
(365, 73, '3', 'E', '180円', NULL, 0, '2025-09-25 01:08:05', '2025-09-25 01:08:05'),
(366, 74, '3', 'A', '9', NULL, 0, '2025-09-25 01:08:05', '2025-09-25 01:08:05'),
(367, 74, '3', 'B', '18', NULL, 0, '2025-09-25 01:08:05', '2025-09-25 01:08:05'),
(368, 74, '3', 'C', '27', NULL, 1, '2025-09-25 01:08:05', '2025-09-25 01:08:05'),
(369, 74, '3', 'D', '36', NULL, 0, '2025-09-25 01:08:05', '2025-09-25 01:08:05'),
(370, 74, '3', 'E', '45', NULL, 0, '2025-09-25 01:08:05', '2025-09-25 01:08:05'),
(371, 75, '3', 'A', '8時間', NULL, 0, '2025-09-25 01:08:05', '2025-09-25 01:08:05'),
(372, 75, '3', 'B', '12時間', NULL, 0, '2025-09-25 01:08:05', '2025-09-25 01:08:05'),
(373, 75, '3', 'C', '18時間', NULL, 1, '2025-09-25 01:08:05', '2025-09-25 01:08:05'),
(374, 75, '3', 'D', '24時間', NULL, 0, '2025-09-25 01:08:05', '2025-09-25 01:08:05'),
(375, 75, '3', 'E', '30時間', NULL, 0, '2025-09-25 01:08:05', '2025-09-25 01:08:05'),
(376, 76, '3', 'A', '48,000', NULL, 0, '2025-09-25 01:08:05', '2025-09-25 01:08:05'),
(377, 76, '3', 'B', '60,000', NULL, 1, '2025-09-25 01:08:05', '2025-09-25 01:08:05'),
(378, 76, '3', 'C', '84,000', NULL, 0, '2025-09-25 01:08:05', '2025-09-25 01:08:05'),
(379, 76, '3', 'D', '132,000', NULL, 0, '2025-09-25 01:08:05', '2025-09-25 01:08:05'),
(380, 76, '3', 'E', '180,000', NULL, 0, '2025-09-25 01:08:05', '2025-09-25 01:08:05'),
(381, 77, '3', 'A', '100,000円', NULL, 0, '2025-09-25 01:08:05', '2025-09-25 01:08:05'),
(382, 77, '3', 'B', '112,500円', NULL, 0, '2025-09-25 01:08:05', '2025-09-25 01:08:05'),
(383, 77, '3', 'C', '125,000円', NULL, 0, '2025-09-25 01:08:05', '2025-09-25 01:08:05'),
(384, 77, '3', 'D', '150,000円', NULL, 1, '2025-09-25 01:08:05', '2025-09-25 01:08:05'),
(385, 77, '3', 'E', '175,000円', NULL, 0, '2025-09-25 01:08:05', '2025-09-25 01:08:05'),
(386, 78, '3', 'A', '800円', NULL, 0, '2025-09-25 01:08:05', '2025-09-25 01:08:05'),
(387, 78, '3', 'B', '1,000円', NULL, 0, '2025-09-25 01:08:05', '2025-09-25 01:08:05'),
(388, 78, '3', 'C', '1,200円', NULL, 1, '2025-09-25 01:08:05', '2025-09-25 01:08:05'),
(389, 78, '3', 'D', '1,400円', NULL, 0, '2025-09-25 01:08:05', '2025-09-25 01:08:05'),
(390, 78, '3', 'E', '1,600円', NULL, 0, '2025-09-25 01:08:05', '2025-09-25 01:08:05'),
(391, 79, '3', 'A', '60', NULL, 0, '2025-09-25 01:08:05', '2025-09-25 01:08:05'),
(392, 79, '3', 'B', '360', NULL, 0, '2025-09-25 01:08:05', '2025-09-25 01:08:05'),
(393, 79, '3', 'C', '420', NULL, 1, '2025-09-25 01:08:05', '2025-09-25 01:08:05'),
(394, 79, '3', 'D', '600', NULL, 0, '2025-09-25 01:08:05', '2025-09-25 01:08:05'),
(395, 79, '3', 'E', '3,600', NULL, 0, '2025-09-25 01:08:05', '2025-09-25 01:08:05'),
(396, 80, '3', 'A', '26,000円', NULL, 0, '2025-09-25 01:08:05', '2025-09-25 01:08:05'),
(397, 80, '3', 'B', '29,000円', NULL, 0, '2025-09-25 01:08:05', '2025-09-25 01:08:05'),
(398, 80, '3', 'C', '31,000円', NULL, 0, '2025-09-25 01:08:05', '2025-09-25 01:08:05'),
(399, 80, '3', 'D', '32,000円', NULL, 1, '2025-09-25 01:08:05', '2025-09-25 01:08:05'),
(400, 80, '3', 'E', '36,000円', NULL, 0, '2025-09-25 01:08:05', '2025-09-25 01:08:05'),
(401, 81, '3', 'A', '560', NULL, 0, '2025-09-25 01:08:05', '2025-09-25 01:08:05'),
(402, 81, '3', 'B', '600', NULL, 0, '2025-09-25 01:08:05', '2025-09-25 01:08:05'),
(403, 81, '3', 'C', '800', NULL, 0, '2025-09-25 01:08:05', '2025-09-25 01:08:05'),
(404, 81, '3', 'D', '1,120', NULL, 0, '2025-09-25 01:08:05', '2025-09-25 01:08:05'),
(405, 81, '3', 'E', '1,200', NULL, 1, '2025-09-25 01:08:05', '2025-09-25 01:08:05'),
(406, 82, '3', 'A', '15円', NULL, 1, '2025-09-25 01:08:05', '2025-09-25 01:08:05'),
(407, 82, '3', 'B', '16円', NULL, 0, '2025-09-25 01:08:05', '2025-09-25 01:08:05'),
(408, 82, '3', 'C', '20円', NULL, 0, '2025-09-25 01:08:05', '2025-09-25 01:08:05'),
(409, 82, '3', 'D', '35円', NULL, 0, '2025-09-25 01:08:05', '2025-09-25 01:08:05'),
(410, 82, '3', 'E', '60円', NULL, 0, '2025-09-25 01:08:05', '2025-09-25 01:08:05'),
(411, 83, '3', 'A', '3,000', NULL, 1, '2025-09-25 01:08:05', '2025-09-25 01:08:05'),
(412, 83, '3', 'B', '4,000', NULL, 0, '2025-09-25 01:08:05', '2025-09-25 01:08:05'),
(413, 83, '3', 'C', '6,000', NULL, 0, '2025-09-25 01:08:05', '2025-09-25 01:08:05'),
(414, 83, '3', 'D', '9,000', NULL, 0, '2025-09-25 01:08:05', '2025-09-25 01:08:05'),
(415, 83, '3', 'E', '12,000', NULL, 0, '2025-09-25 01:08:05', '2025-09-25 01:08:05'),
(416, 84, '3', 'A', '1/4', NULL, 0, '2025-09-25 01:08:05', '2025-09-25 01:08:05'),
(417, 84, '3', 'B', '3/8', NULL, 0, '2025-09-25 01:08:05', '2025-09-25 01:08:05'),
(418, 84, '3', 'C', '1/2', NULL, 0, '2025-09-25 01:08:05', '2025-09-25 01:08:05'),
(419, 84, '3', 'D', '5/8', NULL, 1, '2025-09-25 01:08:05', '2025-09-25 01:08:05'),
(420, 84, '3', 'E', '3/4', NULL, 0, '2025-09-25 01:08:05', '2025-09-25 01:08:05'),
(421, 85, '3', 'A', '3,000', NULL, 0, '2025-09-25 01:08:05', '2025-09-25 01:08:05'),
(422, 85, '3', 'B', '4,500', NULL, 0, '2025-09-25 01:08:05', '2025-09-25 01:08:05'),
(423, 85, '3', 'C', '6,000', NULL, 0, '2025-09-25 01:08:05', '2025-09-25 01:08:05'),
(424, 85, '3', 'D', '7,500', NULL, 0, '2025-09-25 01:08:05', '2025-09-25 01:08:05'),
(425, 85, '3', 'E', '9,000', NULL, 1, '2025-09-25 01:08:05', '2025-09-25 01:08:05'),
(426, 86, '3', 'A', '34,000万円', NULL, 1, '2025-09-25 01:08:05', '2025-09-25 01:08:05'),
(427, 86, '3', 'B', '36,000万円', NULL, 0, '2025-09-25 01:08:05', '2025-09-25 01:08:05'),
(428, 86, '3', 'C', '38,000万円', NULL, 0, '2025-09-25 01:08:05', '2025-09-25 01:08:05'),
(429, 86, '3', 'D', '38,800万円', NULL, 0, '2025-09-25 01:08:05', '2025-09-25 01:08:05'),
(430, 86, '3', 'E', '39,500万円', NULL, 0, '2025-09-25 01:08:05', '2025-09-25 01:08:05'),
(431, 87, '3', 'A', '6,800メートル', NULL, 0, '2025-09-25 01:08:05', '2025-09-25 01:08:05'),
(432, 87, '3', 'B', '7,200メートル', NULL, 0, '2025-09-25 01:08:05', '2025-09-25 01:08:05'),
(433, 87, '3', 'C', '7,600メートル', NULL, 1, '2025-09-25 01:08:05', '2025-09-25 01:08:05'),
(434, 87, '3', 'D', '7,900メートル', NULL, 0, '2025-09-25 01:08:05', '2025-09-25 01:08:05'),
(435, 87, '3', 'E', '8,000メートル', NULL, 0, '2025-09-25 01:08:05', '2025-09-25 01:08:05'),
(436, 88, '3', 'A', '6週間に1度', NULL, 0, '2025-09-25 01:08:05', '2025-09-25 01:08:05'),
(437, 88, '3', 'B', '8週間に1度', NULL, 0, '2025-09-25 01:08:05', '2025-09-25 01:08:05'),
(438, 88, '3', 'C', '4週間に1度', NULL, 0, '2025-09-25 01:08:05', '2025-09-25 01:08:05'),
(439, 88, '3', 'D', '4週間に3度', NULL, 1, '2025-09-25 01:08:05', '2025-09-25 01:08:05'),
(440, 88, '3', 'E', '5週間に4度', NULL, 0, '2025-09-25 01:08:05', '2025-09-25 01:08:05'),
(441, 89, '3', 'A', '2,000', NULL, 0, '2025-09-25 01:08:05', '2025-09-25 01:08:05'),
(442, 89, '3', 'B', '2,100', NULL, 0, '2025-09-25 01:08:05', '2025-09-25 01:08:05'),
(443, 89, '3', 'C', '12,000', NULL, 0, '2025-09-25 01:08:05', '2025-09-25 01:08:05'),
(444, 89, '3', 'D', '13,900', NULL, 0, '2025-09-25 01:08:05', '2025-09-25 01:08:05'),
(445, 89, '3', 'E', '14,000', NULL, 1, '2025-09-25 01:08:05', '2025-09-25 01:08:05'),
(446, 90, '3', 'A', '21%', NULL, 0, '2025-09-25 01:08:05', '2025-09-25 01:08:05'),
(447, 90, '3', 'B', '30%', NULL, 0, '2025-09-25 01:08:05', '2025-09-25 01:08:05'),
(448, 90, '3', 'C', '33%', NULL, 1, '2025-09-25 01:08:05', '2025-09-25 01:08:05'),
(449, 90, '3', 'D', '35%', NULL, 0, '2025-09-25 01:08:05', '2025-09-25 01:08:05'),
(450, 90, '3', 'E', '60%', NULL, 0, '2025-09-25 01:08:05', '2025-09-25 01:08:05'),
(451, 91, '3', 'A', '51円', NULL, 0, '2025-09-25 01:08:05', '2025-09-25 01:08:05'),
(452, 91, '3', 'B', '66円', NULL, 0, '2025-09-25 01:08:05', '2025-09-25 01:08:05'),
(453, 91, '3', 'C', '75円', NULL, 0, '2025-09-25 01:08:05', '2025-09-25 01:08:05'),
(454, 91, '3', 'D', '87円', NULL, 1, '2025-09-25 01:08:05', '2025-09-25 01:08:05'),
(455, 91, '3', 'E', '102円', NULL, 0, '2025-09-25 01:08:05', '2025-09-25 01:08:05'),
(456, 92, '3', 'A', '4', NULL, 0, '2025-09-25 01:08:05', '2025-09-25 01:08:05'),
(457, 92, '3', 'B', '6', NULL, 0, '2025-09-25 01:08:05', '2025-09-25 01:08:05'),
(458, 92, '3', 'C', '8', NULL, 1, '2025-09-25 01:08:05', '2025-09-25 01:08:05'),
(459, 92, '3', 'D', '12', NULL, 0, '2025-09-25 01:08:05', '2025-09-25 01:08:05'),
(460, 92, '3', 'E', '20', NULL, 0, '2025-09-25 01:08:05', '2025-09-25 01:08:05'),
(461, 93, '3', 'A', '3メートル', NULL, 0, '2025-09-25 01:08:05', '2025-09-25 01:08:05'),
(462, 93, '3', 'B', '6メートル', NULL, 1, '2025-09-25 01:08:05', '2025-09-25 01:08:05'),
(463, 93, '3', 'C', '9.6メートル', NULL, 0, '2025-09-25 01:08:05', '2025-09-25 01:08:05'),
(464, 93, '3', 'D', '10.4メートル', NULL, 0, '2025-09-25 01:08:05', '2025-09-25 01:08:05'),
(465, 93, '3', 'E', '26メートル', NULL, 0, '2025-09-25 01:08:05', '2025-09-25 01:08:05'),
(466, 94, '3', 'A', '324千円', NULL, 0, '2025-09-25 01:08:05', '2025-09-25 01:08:05'),
(467, 94, '3', 'B', '405千円', NULL, 0, '2025-09-25 01:08:05', '2025-09-25 01:08:05'),
(468, 94, '3', 'C', '410千円', NULL, 0, '2025-09-25 01:08:05', '2025-09-25 01:08:05'),
(469, 94, '3', 'D', '414千円', NULL, 1, '2025-09-25 01:08:05', '2025-09-25 01:08:05'),
(470, 94, '3', 'E', '684千円', NULL, 0, '2025-09-25 01:08:05', '2025-09-25 01:08:05'),
(471, 95, '3', 'A', '14,000', NULL, 0, '2025-09-25 01:08:05', '2025-09-25 01:08:05'),
(472, 95, '3', 'B', '35,000', NULL, 1, '2025-09-25 01:08:05', '2025-09-25 01:08:05'),
(473, 95, '3', 'C', '46,000', NULL, 0, '2025-09-25 01:08:05', '2025-09-25 01:08:05'),
(474, 95, '3', 'D', '75,000', NULL, 0, '2025-09-25 01:08:05', '2025-09-25 01:08:05'),
(475, 95, '3', 'E', '115,000', NULL, 0, '2025-09-25 01:08:05', '2025-09-25 01:08:05');

-- --------------------------------------------------------

--
-- テーブルの構造 `events`
--

CREATE TABLE `events` (
  `id` bigint UNSIGNED NOT NULL,
  `name` varchar(255) COLLATE utf8mb4_unicode_ci NOT NULL COMMENT 'イベント名',
  `passphrase` varchar(255) COLLATE utf8mb4_unicode_ci NOT NULL COMMENT '受験パスフレーズ',
  `begin` datetime NOT NULL COMMENT 'パスフレーズ有効開始日時',
  `end` datetime NOT NULL COMMENT 'パスフレーズ有効終了日時',
  `exam_type` enum('30min','45min','full','custom') COLLATE utf8mb4_unicode_ci NOT NULL DEFAULT 'full',
  `part1_questions` int DEFAULT NULL,
  `part1_time` int DEFAULT NULL,
  `part2_questions` int DEFAULT NULL,
  `part2_time` int DEFAULT NULL,
  `part3_questions` int DEFAULT NULL,
  `part3_time` int DEFAULT NULL,
  `created_at` timestamp NULL DEFAULT NULL,
  `updated_at` timestamp NULL DEFAULT NULL
) ENGINE=InnoDB DEFAULT CHARSET=utf8mb4 COLLATE=utf8mb4_unicode_ci;

--
-- テーブルのデータのダンプ `events`
--

INSERT INTO `events` (`id`, `name`, `passphrase`, `begin`, `end`, `exam_type`, `part1_questions`, `part1_time`, `part2_questions`, `part2_time`, `part3_questions`, `part3_time`, `created_at`, `updated_at`) VALUES
(1, 'テスト用セッションコード', 'test0000', '2025-10-21 14:28:00', '2026-03-07 14:28:00', 'full', 40, 600, 30, 900, 25, 1800, '2025-10-23 05:28:45', '2025-10-23 05:43:28'),
(2, 'テスト用セッションコード　45分版', 'test1111', '2025-10-22 10:11:00', '2026-03-07 10:11:00', '45min', 30, 450, 20, 600, 15, 1080, '2025-10-29 01:11:31', '2025-10-29 01:11:31'),
(3, 'テスト用セッションコード　35分版', 'test2222', '2025-10-17 10:11:00', '2026-03-07 10:11:00', '30min', 20, 300, 13, 390, 10, 720, '2025-10-29 01:12:01', '2025-10-29 01:12:01'),
(4, 'テスト用セッションコード　カスタム　無制限', 'test3333', '0001-01-01 00:00:00', '2050-12-31 11:02:00', 'custom', 38, 0, 27, 0, 21, 0, '2025-11-12 01:16:47', '2025-11-12 03:33:54'),
(5, 'イベント作成テスト', '1111', '2025-10-28 14:09:00', '2025-12-04 14:09:00', 'full', 40, 600, 30, 900, 25, 1800, '2025-11-12 05:09:48', '2025-11-13 01:27:04'),
(6, '６５ちゅｈｊ', '11111', '2025-10-27 14:40:00', '2025-12-06 14:40:00', '30min', 20, 300, 13, 390, 10, 720, '2025-11-12 05:40:23', '2025-11-13 01:27:14'),
(7, 'イベント作成テスト２', '2222', '2025-10-31 10:27:00', '2025-11-13 01:28:28', '45min', 30, 450, 20, 600, 15, 1080, '2025-11-13 01:28:11', '2025-11-13 01:28:28'),
(9, 'タイマー確認テスト', 'test9999', '2025-11-12 11:06:00', '2026-05-01 11:07:00', 'custom', 40, 90, 30, 30, 25, 150, '2025-11-27 02:07:18', '2025-11-27 02:07:18');

-- --------------------------------------------------------

--
-- テーブルの構造 `exam_sessions`
--

CREATE TABLE `exam_sessions` (
  `id` bigint UNSIGNED NOT NULL,
  `session_uuid` char(36) COLLATE utf8mb4_unicode_ci DEFAULT NULL,
  `user_id` bigint UNSIGNED NOT NULL,
  `event_id` bigint UNSIGNED DEFAULT NULL,
  `grade` tinyint DEFAULT NULL COMMENT 'セッション実施時のユーザー学年',
  `started_at` timestamp NULL DEFAULT NULL,
  `finished_at` timestamp NULL DEFAULT NULL,
  `disqualified_at` timestamp NULL DEFAULT NULL,
  `disqualification_reason` varchar(500) COLLATE utf8mb4_unicode_ci DEFAULT NULL,
  `current_part` tinyint NOT NULL DEFAULT '1',
  `current_question` tinyint NOT NULL DEFAULT '1',
  `remaining_time` int NOT NULL DEFAULT '0',
  `security_log` json DEFAULT NULL,
  `created_at` timestamp NULL DEFAULT NULL,
  `updated_at` timestamp NULL DEFAULT NULL
) ENGINE=InnoDB DEFAULT CHARSET=utf8mb4 COLLATE=utf8mb4_unicode_ci;

--
-- テーブルのデータのダンプ `exam_sessions`
--

INSERT INTO `exam_sessions` (`id`, `session_uuid`, `user_id`, `event_id`, `grade`, `started_at`, `finished_at`, `disqualified_at`, `disqualification_reason`, `current_part`, `current_question`, `remaining_time`, `security_log`, `created_at`, `updated_at`) VALUES
(35, 'e8681fec-46cf-4ffe-8fdf-5dfeaf82e633', 1, 1, 3, '2025-10-09 05:06:42', '2025-10-09 05:07:03', NULL, NULL, 3, 1, 1800, NULL, '2025-10-09 05:06:42', '2025-10-09 05:07:03'),
(36, 'd3fab49e-10b7-4c89-8da8-7bb4bb6d8ab0', 1, 1, 3, '2025-10-14 00:53:00', '2025-10-14 00:56:29', NULL, NULL, 3, 1, 1800, NULL, '2025-10-14 00:53:00', '2025-10-14 00:56:29'),
(37, 'e94149aa-435b-47ef-a7b7-e8140654af2c', 1, 1, 3, '2025-10-14 01:01:09', '2025-10-14 01:05:49', NULL, NULL, 3, 1, 1795, NULL, '2025-10-14 01:01:09', '2025-10-14 01:05:49'),
(38, 'c9ca603b-bce9-42c1-a463-baa630f26ad3', 1, 1, 3, '2025-10-14 01:06:17', '2025-10-14 01:08:42', NULL, NULL, 3, 1, 1757, NULL, '2025-10-14 01:06:17', '2025-10-14 01:08:42'),
(39, 'd9872706-68e3-4f32-847c-0feb1869eac2', 1, 1, 3, '2025-10-14 01:37:10', '2025-10-14 01:38:13', NULL, NULL, 3, 1, 1800, NULL, '2025-10-14 01:37:10', '2025-10-14 01:38:13'),
(40, 'b259d616-99c1-42df-b4d4-3c6f3172b8fa', 1, 1, 3, '2025-10-14 01:41:54', '2025-10-14 02:28:38', NULL, NULL, 3, 1, 1800, NULL, '2025-10-14 01:41:54', '2025-10-14 02:28:38'),
(41, 'ac3f938f-56f5-4874-a06f-3160e5449b65', 1, 1, 3, '2025-10-21 01:29:58', '2025-10-21 01:30:33', NULL, NULL, 3, 1, 1800, NULL, '2025-10-21 01:29:58', '2025-10-21 01:30:33'),
(42, '34f53c13-5b4a-4cc2-8d63-14b3f399128f', 1, 1, 3, '2025-10-21 01:49:44', '2025-10-21 02:06:07', NULL, NULL, 3, 1, 1799, NULL, '2025-10-21 01:49:44', '2025-10-21 02:06:07'),
(43, 'bede66c2-7889-489d-8ea2-52c6f09d2b65', 4, 1, NULL, '2025-10-28 05:52:54', '2025-10-28 05:57:00', NULL, NULL, 3, 1, 1749, NULL, '2025-10-28 05:52:54', '2025-10-28 05:57:00'),
(44, '2ebab873-f0b4-4efe-adf8-ff5095db894a', 1, 1, 3, '2025-10-29 01:01:05', '2025-10-29 01:10:31', NULL, NULL, 3, 1, 1800, NULL, '2025-10-29 01:01:05', '2025-10-29 01:10:31'),
(45, 'd9f6ec55-3a29-4ea7-9104-4c59813b35d3', 1, NULL, 3, '2025-11-06 02:45:06', '2025-11-06 02:45:51', NULL, NULL, 3, 1, 1800, NULL, '2025-11-06 02:45:06', '2025-11-06 02:45:51'),
(46, '0e84e7ff-578c-422f-aa12-a7f5ea2c15e2', 1, NULL, 3, '2025-11-06 02:46:25', '2025-11-06 03:34:38', NULL, NULL, 3, 1, 1800, NULL, '2025-11-06 02:46:25', '2025-11-06 03:34:38'),
(47, '04727265-3739-4abf-825e-94cb172c9997', 1, NULL, 3, '2025-11-06 03:39:23', '2025-11-06 03:39:40', NULL, NULL, 3, 1, 1800, NULL, '2025-11-06 03:39:23', '2025-11-06 03:39:40'),
(48, '84209063-ab8f-450c-842d-8d80aa4fd600', 1, NULL, 3, '2025-11-06 04:37:39', '2025-11-06 04:39:59', NULL, NULL, 3, 1, 1780, NULL, '2025-11-06 04:37:39', '2025-11-06 04:39:59'),
(49, 'e45c9ce3-b7bd-48e5-8fb6-43d4237037ed', 1, NULL, 3, '2025-11-06 04:51:46', '2025-11-06 04:56:29', NULL, NULL, 3, 1, 1080, NULL, '2025-11-06 04:51:46', '2025-11-06 04:56:29'),
(50, 'bc2cc06e-2ce7-4ed9-9217-5e90f166f30d', 1, NULL, 3, '2025-11-06 05:06:18', '2025-11-06 05:19:54', NULL, NULL, 3, 1, 1080, NULL, '2025-11-06 05:06:18', '2025-11-06 05:19:54'),
(51, '4e070cd3-a948-4adc-b905-ec08cdc4411f', 1, NULL, 3, '2025-11-06 05:28:19', '2025-11-06 05:29:15', NULL, NULL, 3, 1, 1800, NULL, '2025-11-06 05:28:19', '2025-11-06 05:29:15'),
(52, 'b3120d18-f853-4c34-a887-0d712daf63e1', 1, NULL, 3, '2025-11-11 05:14:06', '2025-11-11 05:14:40', NULL, NULL, 3, 1, 1080, NULL, '2025-11-11 05:14:06', '2025-11-11 05:14:40'),
(53, '7f524096-3e74-45af-9a1a-c981a71698ad', 1, NULL, 3, '2025-11-12 04:42:09', '2025-11-13 01:03:29', NULL, NULL, 3, 1, 1080, NULL, '2025-11-12 04:42:09', '2025-11-13 01:03:29'),
(54, 'dc8dbc2a-6554-446c-9c36-ffae7a396edb', 1, NULL, 3, '2025-11-13 01:03:39', '2025-11-13 01:03:57', NULL, NULL, 3, 1, 1080, NULL, '2025-11-13 01:03:39', '2025-11-13 01:03:57'),
(55, '39f76143-9250-499d-8941-d7bc7d30bb17', 1, NULL, 3, '2025-11-13 01:04:18', '2025-11-13 01:04:36', NULL, NULL, 3, 1, 720, NULL, '2025-11-13 01:04:18', '2025-11-13 01:04:36'),
(56, '9b4d19b0-ecf0-4874-8e71-0fe056ce7158', 1, NULL, 3, '2025-11-13 02:22:22', '2025-11-13 02:22:49', NULL, NULL, 3, 1, 1800, NULL, '2025-11-13 02:22:22', '2025-11-13 02:22:49'),
(57, 'e6d40620-724e-4246-979d-f3a6ef65901a', 1, NULL, 3, '2025-11-13 02:30:39', '2025-11-13 02:31:26', NULL, NULL, 3, 1, 1800, NULL, '2025-11-13 02:30:39', '2025-11-13 02:31:26'),
(58, '2e9b7400-3f19-4a40-95fa-8acefb79a899', 1, NULL, 3, '2025-11-13 03:13:37', '2025-11-13 05:30:49', NULL, NULL, 3, 1, 0, NULL, '2025-11-13 03:13:37', '2025-11-13 05:30:49'),
(59, '1cd296fc-2e53-4054-a258-be05715a52d2', 1, NULL, 3, '2025-11-25 03:16:03', '2025-11-25 03:20:41', NULL, NULL, 3, 1, 1800, NULL, '2025-11-25 03:16:03', '2025-11-25 03:20:41'),
(60, '09b707f3-244a-4dfc-8750-476fb23273ce', 6, NULL, 4, '2025-11-26 03:47:30', '2025-11-26 03:47:53', NULL, NULL, 3, 1, 1800, NULL, '2025-11-26 03:47:30', '2025-11-26 03:47:53'),
(61, '88dffbf1-9e39-4e74-9359-e6cea71f7f04', 5, NULL, 6, '2025-11-26 03:48:23', '2025-11-26 03:48:44', NULL, NULL, 3, 1, 1800, NULL, '2025-11-26 03:48:23', '2025-11-26 03:48:44'),
(62, 'fcf0f6bf-909a-4a3b-b230-dd498d78fae4', 1, NULL, 3, '2025-11-26 04:37:28', '2025-11-26 04:39:24', NULL, NULL, 3, 1, 1800, NULL, '2025-11-26 04:37:28', '2025-11-26 04:39:24'),
(63, 'c01008f8-8347-43f0-8ece-e14e362d4a69', 1, NULL, 3, '2025-11-26 04:45:50', NULL, NULL, NULL, 2, 1, 900, '\"{\\\"exam_type\\\":\\\"full\\\",\\\"event_id\\\":1,\\\"part_1_answers\\\":{\\\"1\\\":\\\"A\\\"},\\\"last_updated\\\":\\\"2025-11-26T04:59:51.466841Z\\\",\\\"part_2_answers\\\":{\\\"41\\\":\\\"A\\\",\\\"42\\\":\\\"A\\\",\\\"45\\\":\\\"C\\\",\\\"44\\\":\\\"C\\\"}}\"', '2025-11-26 04:45:50', '2025-11-26 04:59:51'),
(64, 'fd0a6b93-f1a9-4b8d-962d-e5bd91b10225', 1, 1, 3, '2025-11-26 05:10:01', '2025-11-26 06:06:50', NULL, NULL, 3, 1, 1742, NULL, '2025-11-26 05:10:01', '2025-11-26 06:06:50'),
(65, '2c78bbc7-110a-4ac1-9f33-be23d9bf8c96', 1, 1, 3, '2025-11-26 06:07:00', '2025-11-27 01:06:47', NULL, NULL, 3, 1, 900, NULL, '2025-11-26 06:07:00', '2025-11-27 01:06:47'),
(66, 'adb0246c-f3af-48a3-8e47-a7047065e128', 1, 1, 3, '2025-11-27 01:07:09', '2025-11-27 01:07:12', NULL, NULL, 3, 1, 1800, NULL, '2025-11-27 01:07:09', '2025-11-27 01:07:12'),
(67, '8d81b65e-ffb7-4776-b797-0814db0aad24', 1, 1, 3, '2025-11-27 01:07:43', '2025-11-27 02:06:25', NULL, NULL, 3, 1, 1798, NULL, '2025-11-27 01:07:43', '2025-11-27 02:06:25'),
(68, 'd84d960a-ae28-421d-91b5-bf9b6c2bd9d7', 1, 9, 3, '2025-11-27 02:07:45', '2025-11-27 02:13:41', NULL, NULL, 3, 1, 150, NULL, '2025-11-27 02:07:45', '2025-11-27 02:13:41'),
(69, '763698c3-ac2b-457b-a48b-4087df7cedf2', 1, 9, 3, '2025-11-27 02:13:42', '2025-11-27 02:13:43', NULL, NULL, 3, 1, 150, NULL, '2025-11-27 02:13:42', '2025-11-27 02:13:43'),
(70, '592d101b-0db7-4843-9057-d748712553e8', 1, 9, 3, '2025-11-27 02:13:44', '2025-11-27 02:37:17', NULL, NULL, 3, 1, 150, NULL, '2025-11-27 02:13:44', '2025-11-27 02:37:17'),
(71, 'b3015850-4f4b-4dc8-89df-dd3c9c4ace59', 1, 9, 3, '2025-11-27 02:37:25', '2025-11-27 02:54:50', NULL, NULL, 3, 1, 150, NULL, '2025-11-27 02:37:25', '2025-11-27 02:54:50'),
(72, '076ac52d-a6fb-4586-8810-469020366ca1', 1, 9, 3, '2025-11-27 02:54:59', '2025-11-27 03:26:48', NULL, NULL, 3, 1, 150, NULL, '2025-11-27 02:54:59', '2025-11-27 03:26:48'),
(73, '7277fa63-24b1-4a0b-aa57-882b13624ac3', 1, 9, 3, '2025-11-27 05:36:04', '2025-12-02 03:16:12', NULL, NULL, 3, 1, 150, NULL, '2025-11-27 05:36:04', '2025-12-02 03:16:12'),
(74, '1796a781-27de-4214-af74-656678c731e6', 1, 1, 3, '2025-11-28 03:22:19', '2025-11-28 04:44:31', NULL, NULL, 3, 1, 1800, NULL, '2025-11-28 03:22:19', '2025-11-28 04:44:31'),
(75, 'a8024432-77d0-4d1d-ad88-0930beec660f', 1, 1, 3, '2025-11-28 04:46:59', '2025-11-28 04:51:04', NULL, NULL, 3, 1, 1800, NULL, '2025-11-28 04:46:59', '2025-11-28 04:51:04'),
(76, '6bdf8d04-28ab-4a12-a51b-32ab48b0c684', 1, 1, 3, '2025-12-02 00:54:20', '2025-12-02 00:54:48', NULL, NULL, 3, 1, 1800, NULL, '2025-12-02 00:54:20', '2025-12-02 00:54:48'),
(77, '81678706-a1c9-49cd-80eb-0be20221ceff', 1, 1, 3, '2025-12-02 01:21:09', '2025-12-02 03:15:41', NULL, NULL, 3, 1, 1800, NULL, '2025-12-02 01:21:09', '2025-12-02 03:15:41'),
(78, '298be9f4-0868-4883-8671-91784a1cadb4', 1, 9, 3, '2025-12-02 03:16:19', '2025-12-02 03:22:21', NULL, NULL, 3, 1, 150, NULL, '2025-12-02 03:16:19', '2025-12-02 03:22:21'),
(79, '29c7bda7-dbee-42e7-9739-4aa2a7f31569', 1, 1, 3, '2025-12-02 03:37:44', NULL, NULL, NULL, 3, 1, 0, '\"{\\\"exam_type\\\":\\\"full\\\",\\\"event_id\\\":1,\\\"part_1_answers\\\":{\\\"1\\\":\\\"A\\\"},\\\"part_2_answers\\\":{\\\"41\\\":\\\"E\\\"}}\"', '2025-12-02 03:37:44', '2025-12-02 04:04:31');

-- --------------------------------------------------------

--
-- テーブルの構造 `practice_choices`
--

CREATE TABLE `practice_choices` (
  `id` bigint UNSIGNED NOT NULL,
  `question_id` bigint UNSIGNED NOT NULL,
  `part` enum('1','2','3') CHARACTER SET utf8mb4 COLLATE utf8mb4_unicode_ci NOT NULL,
  `label` enum('A','B','C','D','E') COLLATE utf8mb4_unicode_ci NOT NULL,
  `text` text COLLATE utf8mb4_unicode_ci,
  `image` varchar(255) COLLATE utf8mb4_unicode_ci DEFAULT NULL,
  `is_correct` tinyint(1) NOT NULL DEFAULT '0',
  `created_at` timestamp NULL DEFAULT NULL,
  `updated_at` timestamp NULL DEFAULT NULL
) ENGINE=InnoDB DEFAULT CHARSET=utf8mb4 COLLATE=utf8mb4_unicode_ci;

--
-- テーブルのデータのダンプ `practice_choices`
--

INSERT INTO `practice_choices` (`id`, `question_id`, `part`, `label`, `text`, `image`, `is_correct`, `created_at`, `updated_at`) VALUES
(1, 1, '1', 'A', 'a', NULL, 1, '2025-09-02 01:27:07', '2025-09-02 01:27:07'),
(2, 1, '1', 'B', 'b', NULL, 0, '2025-09-02 01:27:07', '2025-09-02 01:27:07'),
(3, 1, '1', 'C', 'c', NULL, 0, '2025-09-02 01:27:07', '2025-09-02 01:27:07'),
(4, 1, '1', 'D', 'd', NULL, 0, '2025-09-02 01:27:07', '2025-09-02 01:27:07'),
(5, 1, '1', 'E', 'e', NULL, 0, '2025-09-02 01:27:07', '2025-09-02 01:27:07'),
(6, 2, '1', 'A', 'a', NULL, 0, '2025-09-02 01:27:59', '2025-09-02 01:27:59'),
(7, 2, '1', 'B', 'b', NULL, 0, '2025-09-02 01:27:59', '2025-09-02 01:27:59'),
(8, 2, '1', 'C', 'c', NULL, 0, '2025-09-02 01:27:59', '2025-09-02 01:27:59'),
(9, 2, '1', 'D', 'd', NULL, 0, '2025-09-02 01:27:59', '2025-09-02 01:27:59'),
(10, 2, '1', 'E', 'e', NULL, 1, '2025-09-02 01:27:59', '2025-09-02 01:27:59'),
(11, 3, '1', 'A', 'd', NULL, 0, '2025-09-02 01:27:59', '2025-09-02 01:27:59'),
(12, 3, '1', 'B', 'e', NULL, 0, '2025-09-02 01:27:59', '2025-09-02 01:27:59'),
(13, 3, '1', 'C', 'f', NULL, 0, '2025-09-02 01:27:59', '2025-09-02 01:27:59'),
(14, 3, '1', 'D', 'g', NULL, 1, '2025-09-02 01:27:59', '2025-09-02 01:27:59'),
(15, 3, '1', 'E', 'h', NULL, 0, '2025-09-02 01:27:59', '2025-09-02 01:27:59'),
(16, 4, '1', 'A', 'a', NULL, 0, '2025-09-02 01:27:59', '2025-09-02 01:27:59'),
(17, 4, '1', 'B', 'b', NULL, 0, '2025-09-02 01:27:59', '2025-09-02 01:27:59'),
(18, 4, '1', 'C', 'c', NULL, 0, '2025-09-02 01:27:59', '2025-09-02 01:27:59'),
(19, 4, '1', 'D', 'x', NULL, 0, '2025-09-02 01:27:59', '2025-09-02 01:27:59'),
(20, 4, '1', 'E', 'y', NULL, 1, '2025-09-02 01:27:59', '2025-09-02 01:27:59'),
(21, 5, '2', 'A', NULL, 'pq1c1.gif', 0, NULL, NULL),
(22, 5, '2', 'B', NULL, 'pq1c2.gif', 1, NULL, NULL),
(23, 5, '2', 'C', NULL, 'pq1c3.gif', 0, NULL, NULL),
(24, 5, '2', 'D', NULL, 'pq1c4.gif', 0, NULL, NULL),
(25, 5, '2', 'E', NULL, 'pq1c5.gif', 0, NULL, NULL),
(26, 6, '2', 'A', NULL, 'pq2c1.gif', 0, NULL, NULL),
(27, 6, '2', 'B', NULL, 'pq2c2.gif', 0, NULL, NULL),
(28, 6, '2', 'C', NULL, 'pq2c3.gif', 0, NULL, NULL),
(29, 6, '2', 'D', NULL, 'pq2c4.gif', 0, NULL, NULL),
(30, 6, '2', 'E', NULL, 'pq2c5.gif', 1, NULL, NULL),
(31, 7, '3', 'A', '6', NULL, 0, NULL, NULL),
(32, 7, '3', 'B', '12', NULL, 0, NULL, NULL),
(33, 7, '3', 'C', '18', NULL, 0, NULL, NULL),
(34, 7, '3', 'D', '24', NULL, 1, NULL, NULL),
(35, 7, '3', 'E', '30', NULL, 0, NULL, NULL),
(36, 8, '3', 'A', '350円\r\n', NULL, 0, NULL, NULL),
(37, 8, '3', 'B', '400円\r\n', NULL, 0, NULL, NULL),
(38, 8, '3', 'C', '500円\r\n', NULL, 0, NULL, NULL),
(39, 8, '3', 'D', '700円\r\n', NULL, 1, NULL, NULL),
(40, 8, '3', 'E', '800円\r\n', NULL, 0, NULL, NULL);

-- --------------------------------------------------------

--
-- テーブルの構造 `practice_questions`
--

CREATE TABLE `practice_questions` (
  `id` bigint UNSIGNED NOT NULL,
  `part` tinyint UNSIGNED NOT NULL,
  `text` text COLLATE utf8mb4_unicode_ci NOT NULL,
  `explanation` text COLLATE utf8mb4_unicode_ci,
  `image` varchar(255) COLLATE utf8mb4_unicode_ci DEFAULT NULL,
  `created_at` timestamp NULL DEFAULT NULL,
  `updated_at` timestamp NULL DEFAULT NULL,
  `number` int NOT NULL
) ENGINE=InnoDB DEFAULT CHARSET=utf8mb4 COLLATE=utf8mb4_unicode_ci;

--
-- テーブルのデータのダンプ `practice_questions`
--

INSERT INTO `practice_questions` (`id`, `part`, `text`, `explanation`, `image`, `created_at`, `updated_at`, `number`) VALUES
(1, 1, 'a b a b a b a b\r\n', 'この問題では配列が ab ab ab ab という順になっています。\r\nしたがって次に来る文字は a となります。\r\n', NULL, NULL, NULL, 1),
(2, 1, 'a a b b c c d d\r\n', 'この問題では配列が aa bb cc dd という順になっています。\r\nしたがって次に来る文字は e となります。\r\n', NULL, NULL, NULL, 2),
(3, 1, 'c a d a e a f a\r\n', 'この問題では配列が ca da ea fa という順になっています。\r\nしたがって次に来る文字は g となります。\r\n', NULL, NULL, NULL, 3),
(4, 1, 'a x b y a x b y a x b\r\n', 'この問題では配列が axby axby axb という順になっています。\r\nしたがって次に来る文字は y となります。\r\n', NULL, NULL, NULL, 4),
(5, 2, '', '例題ではグレーの四角が時計の針が動く方向へ順次動いています。すなわち、右上、右下、左下、左上という順序です。したがって、次はまた右上となります。\r\n', 'pq1.gif', NULL, NULL, 1),
(6, 2, '', '左側の一連の図では線が1本ずつふえ、かつ次第に長くなっています。右側の五つの図の中から次にくるべき図では、線が5本で4番目の図よりも1本多く、5本目の線がやや長くなっているものとなります。\r\n', 'pq2.gif', NULL, NULL, 2),
(7, 3, '3個10円のリンゴは80円で何個買えるか。\r\n', '80 ÷ 10 × 3 = 24。よって24個です。\r\n', NULL, NULL, NULL, 1),
(8, 3, '太郎は4週間に2,800円貯めた。毎週平均いくらずつ貯めたことになるか。\r\n', '2,800 ÷ 4 = 700。よって700円です。\r\n', NULL, NULL, NULL, 2);

-- --------------------------------------------------------

--
-- テーブルの構造 `questions`
--

CREATE TABLE `questions` (
  `id` bigint UNSIGNED NOT NULL,
  `part` tinyint NOT NULL,
  `text` text COLLATE utf8mb4_unicode_ci,
  `image` varchar(255) COLLATE utf8mb4_unicode_ci DEFAULT NULL,
  `created_at` timestamp NULL DEFAULT NULL,
  `updated_at` timestamp NULL DEFAULT NULL,
  `number` int NOT NULL
) ENGINE=InnoDB DEFAULT CHARSET=utf8mb4 COLLATE=utf8mb4_unicode_ci;

--
-- テーブルのデータのダンプ `questions`
--

INSERT INTO `questions` (`id`, `part`, `text`, `image`, `created_at`, `updated_at`, `number`) VALUES
(1, 1, 'e e f g g h i i', NULL, '2025-09-01 02:38:04', '2025-09-01 02:38:04', 1),
(2, 1, 'a z a y b z b y c', NULL, '2025-09-01 02:38:04', '2025-09-01 02:38:04', 2),
(3, 1, 'd e f d e f g h i', NULL, '2025-09-01 02:38:04', '2025-09-01 02:38:04', 3),
(4, 1, 'c d e x y z f g h x y z', NULL, '2025-09-01 02:38:04', '2025-09-01 02:38:04', 4),
(5, 1, 'd e f d e g d e', NULL, '2025-09-01 02:38:04', '2025-09-01 02:38:04', 5),
(6, 1, 'a b c z a b c y a b c', NULL, '2025-09-01 02:38:04', '2025-09-01 02:38:04', 6),
(7, 1, 'f g b h i b j k b', NULL, '2025-09-01 02:38:04', '2025-09-01 02:38:04', 7),
(8, 1, 't s r t s r t s', NULL, '2025-09-01 02:38:04', '2025-09-01 02:38:04', 8),
(9, 1, 'a r b s c t a r b', NULL, '2025-09-01 02:38:04', '2025-09-01 02:38:04', 9),
(10, 1, 'b c c d e e f g', NULL, '2025-09-01 02:38:04', '2025-09-01 02:38:04', 10),
(11, 1, 'e f h i k l', NULL, '2025-09-01 02:38:04', '2025-09-01 02:38:04', 11),
(12, 1, 'a b c c d e f f g', NULL, '2025-09-01 02:38:04', '2025-09-01 02:38:04', 12),
(13, 1, 'a m n b o p c', NULL, '2025-09-01 02:38:04', '2025-09-01 02:38:04', 13),
(14, 1, 't t t s s r q q q p', NULL, '2025-09-01 02:38:04', '2025-09-01 02:38:04', 14),
(15, 1, 'd d f f h h j j', NULL, '2025-09-01 02:38:04', '2025-09-01 02:38:04', 15),
(16, 1, 'm n m n k l o p o p k l', NULL, '2025-09-01 02:38:04', '2025-09-01 02:38:04', 16),
(17, 1, 'c d d e e e f f f', NULL, '2025-09-01 02:38:04', '2025-09-01 02:38:04', 17),
(18, 1, 'g f e d', NULL, '2025-09-01 02:38:04', '2025-09-01 02:38:04', 18),
(19, 1, 'd f h j l', NULL, '2025-09-01 02:38:04', '2025-09-01 02:38:04', 19),
(20, 1, 'a b c i j d e f i j', NULL, '2025-09-01 02:38:04', '2025-09-01 02:38:04', 20),
(21, 1, 'e f g e f g h e f g h i', NULL, '2025-09-01 02:38:04', '2025-09-01 02:38:04', 21),
(22, 1, 'b c b d e d f g f h i', NULL, '2025-09-01 02:38:04', '2025-09-01 02:38:04', 22),
(23, 1, 'a a b a b c c d c', NULL, '2025-09-01 02:38:04', '2025-09-01 02:38:04', 23),
(24, 1, 'a i b c i d e f', NULL, '2025-09-01 02:38:04', '2025-09-01 02:38:04', 24),
(25, 1, 'c e h l', NULL, '2025-09-01 02:38:04', '2025-09-01 02:38:04', 25),
(26, 1, 'a b d e h i m n', NULL, '2025-09-01 02:38:04', '2025-09-01 02:38:04', 26),
(27, 1, 'b e c f d g e', NULL, '2025-09-01 02:38:04', '2025-09-01 02:38:04', 27),
(28, 1, 'a g b h c', NULL, '2025-09-01 02:38:04', '2025-09-01 02:38:04', 28),
(29, 1, 'a d h k o', NULL, '2025-09-01 02:38:04', '2025-09-01 02:38:04', 29),
(30, 1, 'e f g h j k l n o', NULL, '2025-09-01 02:38:04', '2025-09-01 02:38:04', 30),
(31, 1, 'a e i b f', NULL, '2025-09-01 02:38:04', '2025-09-01 02:38:04', 31),
(32, 1, 'a e d h g', NULL, '2025-09-01 02:38:04', '2025-09-01 02:38:04', 32),
(33, 1, 'z d w g t', NULL, '2025-09-01 02:38:04', '2025-09-01 02:38:04', 33),
(34, 1, 'z e i y f j x g', NULL, '2025-09-01 02:38:04', '2025-09-01 02:38:04', 34),
(35, 1, 'c q r e u v g', NULL, '2025-09-01 02:38:04', '2025-09-01 02:38:04', 35),
(36, 1, 'k s j t i u h', NULL, '2025-09-01 02:38:04', '2025-09-01 02:38:04', 36),
(37, 1, 'r s j t u h v w', NULL, '2025-09-01 02:38:04', '2025-09-01 02:38:04', 37),
(38, 1, 'i e a j f b k', NULL, '2025-09-01 02:38:04', '2025-09-01 02:38:04', 38),
(39, 1, 'h e b i f c j', NULL, '2025-09-01 02:38:04', '2025-09-01 02:38:04', 39),
(40, 1, 'n j f m i e l', NULL, '2025-09-01 02:38:04', '2025-09-01 02:38:04', 40),
(41, 2, NULL, 'q1.png', '2025-09-09 02:54:04', '2025-09-09 02:54:04', 1),
(42, 2, NULL, 'q2.png', '2025-09-09 02:54:04', '2025-09-09 02:54:04', 2),
(43, 2, NULL, 'q3.png', '2025-09-09 02:54:04', '2025-09-09 02:54:04', 3),
(44, 2, NULL, 'q4.png', '2025-09-09 02:54:04', '2025-09-09 02:54:04', 4),
(45, 2, NULL, 'q5.png', '2025-09-09 02:54:04', '2025-09-09 02:54:04', 5),
(46, 2, NULL, 'q6.png', '2025-09-09 02:54:04', '2025-09-09 02:54:04', 6),
(47, 2, NULL, 'q7.png', '2025-09-09 02:54:04', '2025-09-09 02:54:04', 7),
(48, 2, NULL, 'q8.png', '2025-09-09 02:54:04', '2025-09-09 02:54:04', 8),
(49, 2, NULL, 'q9.png', '2025-09-09 02:54:04', '2025-09-09 02:54:04', 9),
(50, 2, NULL, 'q10.png', '2025-09-09 02:54:04', '2025-09-09 02:54:04', 10),
(51, 2, NULL, 'q11.png', '2025-09-09 02:54:04', '2025-09-09 02:54:04', 11),
(52, 2, NULL, 'q12.png', '2025-09-09 02:54:04', '2025-09-09 02:54:04', 12),
(53, 2, NULL, 'q13.png', '2025-09-09 02:54:04', '2025-09-09 02:54:04', 13),
(54, 2, NULL, 'q14.png', '2025-09-09 02:54:04', '2025-09-09 02:54:04', 14),
(55, 2, NULL, 'q15.png', '2025-09-09 02:54:04', '2025-09-09 02:54:04', 15),
(56, 2, NULL, 'q16.png', '2025-09-09 02:54:04', '2025-09-09 02:54:04', 16),
(57, 2, NULL, 'q17.png', '2025-09-09 02:54:04', '2025-09-09 02:54:04', 17),
(58, 2, NULL, 'q18.png', '2025-09-09 02:54:04', '2025-09-09 02:54:04', 18),
(59, 2, NULL, 'q19.png', '2025-09-09 02:54:04', '2025-09-09 02:54:04', 19),
(60, 2, NULL, 'q20.png', '2025-09-09 02:54:04', '2025-09-09 02:54:04', 20),
(61, 2, NULL, 'q21.png', '2025-09-09 02:54:04', '2025-09-09 02:54:04', 21),
(62, 2, NULL, 'q22.png', '2025-09-09 02:54:04', '2025-09-09 02:54:04', 22),
(63, 2, NULL, 'q23.png', '2025-09-09 02:54:04', '2025-09-09 02:54:04', 23),
(64, 2, NULL, 'q24.png', '2025-09-09 02:54:04', '2025-09-09 02:54:04', 24),
(65, 2, NULL, 'q25.png', '2025-09-09 02:54:04', '2025-09-09 02:54:04', 25),
(66, 2, NULL, 'q26.png', '2025-09-09 02:54:04', '2025-09-09 02:54:04', 26),
(67, 2, NULL, 'q27.png', '2025-09-09 02:54:04', '2025-09-09 02:54:04', 27),
(68, 2, NULL, 'q28.png', '2025-09-09 02:54:04', '2025-09-09 02:54:04', 28),
(69, 2, NULL, 'q29.png', '2025-09-09 02:54:04', '2025-09-09 02:54:04', 29),
(70, 2, NULL, 'q30.png', '2025-09-09 02:54:04', '2025-09-09 02:54:04', 30),
(71, 3, '或る数を10で割るはずのところ、逆に10を掛けてしまい100という答を得た。答はいくつでなければならなかったか。', NULL, '2025-09-25 00:56:29', '2025-09-25 00:56:29', 1),
(72, 3, '１２個の戸棚を置くのに１８メートルの巾が必要である。３０個の戸棚を置くには何メートルの巾が必要か。', NULL, '2025-09-25 00:56:29', '2025-09-25 00:56:29', 2),
(73, 3, '3人のプログラマーの時間給を平均すると95円である。1人のプログラマーが115円、もう１人が65円毎時稼ぐとすれば、残りの1人の時間給はいくらか。', NULL, '2025-09-25 00:56:29', '2025-09-25 00:56:29', 3),
(74, 3, '或る会社が年の初めに36台の穿孔機を設置した。春には更に9台加えたが、秋には18台解約した。年末には何台設置されていることになるか。', NULL, '2025-09-25 00:56:29', '2025-09-25 00:56:29', 4),
(75, 3, 'ある週1人のプログラマーは労働時間の1/4をフローチャートの作成に、3/8をコーティングに、残りをプログラムの修正に費やした。その週、彼は48時間働いたとすると、プログラムの修正に何時間費やしたことになるのか。', NULL, '2025-09-25 00:56:29', '2025-09-25 00:56:29', 5),
(76, 3, '16階建で各階の床面積が12,000平方メートルのビルディングがある。A会社が7つの階を借り、B会社が4つの階を借りている。空いている床面積は何平方メートルか。', NULL, '2025-09-25 00:56:29', '2025-09-25 00:56:29', 6),
(77, 3, 'A社は鉄鋼業市場の2/3を専有しており、A社の1日の売上げの3/4が75,000円であった。業界全体の1日の売上げ額はいくらか。', NULL, '2025-09-25 00:56:29', '2025-09-25 00:56:29', 7),
(78, 3, 'ある報告書をタイプするため、タイピストに支払う金が2,000円ある。A嬢が42ページ、B嬢が28ページタイプすると、Ａ嬢はいくら受取るか。', NULL, '2025-09-25 00:56:29', '2025-09-25 00:56:29', 8),
(79, 3, '印刷装置を使って1日に176,400行印刷した。印刷装置をその日7時間稼動させたとすると1分間に何行印刷したことになるか。', NULL, '2025-09-25 00:56:29', '2025-09-25 00:56:29', 9),
(80, 3, 'ある販売会社は１日の総収入のうち20,000円を宣伝費に使い、残りの半分を販売員の手数料として支払ったところ6,000円残った。1日の総収入はいくらだったか。', NULL, '2025-09-25 00:56:29', '2025-09-25 00:56:29', 10),
(81, 3, '30分に80枚のカードを穿孔することができるキーパンチオペレーターは、7時間半に何枚のカードを穿孔することができるか。', NULL, '2025-09-25 00:56:29', '2025-09-25 00:56:29', 11),
(82, 3, 'みかん4個とりんご5個の値段があわせて160円であった。りんご1個の値段が20円とするとみかん1個の値段はいくらか。', NULL, '2025-09-25 00:56:29', '2025-09-25 00:56:29', 12),
(83, 3, 'キーパンチオペレーターが月曜日に一束のカードを穿孔した。火曜日には月曜日の3倍、水曜日には4,000枚穿孔した。3日のうちにあわせて16,000枚穿孔した。火曜日には何枚穿孔したことになるか。', NULL, '2025-09-25 00:56:29', '2025-09-25 00:56:29', 13),
(84, 3, '計算機用テープライブラリーにテープ用の棚が2個あり、各々に40本のテープが入っている。或るとき30本のテープが使われた。棚に残ったテープを分数で表すと次のうちどれか。', NULL, '2025-09-25 00:56:29', '2025-09-25 00:56:29', 14),
(85, 3, '2台の計算機があって夫々1日に48,000枚の証書を作り出した。一つの計算機は1時間に9,600枚、もう一つの計算機は1時間に7,800枚の証書を作った。前者が仕事を完了したとき後者はあと何枚証書を作らなければならないか。', NULL, '2025-09-25 00:56:29', '2025-09-25 00:56:29', 15),
(86, 3, 'ある会社は毎月700万円で計算機を借りている。5年経過してから会計係が計算してみると、もし計算機を購入していたら、毎月維持費を100万円支払ったとしても2,000万円節約できたであろうということが分かった。計算機の購入価格はいくらか。', NULL, '2025-09-25 00:56:29', '2025-09-25 00:56:29', 16),
(87, 3, '計算機用テープが3本ある。1本あたりの長さは平均すると6,800メートルである。但し、6,400メートルより短いテープは1本もない。可能性として一番長いテープは何メートルにまでなりうるか。', NULL, '2025-09-25 00:56:29', '2025-09-25 00:56:29', 17),
(88, 3, '1人のセールスマンが2週間に1度の割合で注文を獲得すれば、彼は会社の年間記録を破ることになる。しかしながら、52週間のうち28週間過ぎた時点で予定よりも注文が遅れている。記録を破るためには、以後どんな割合で注文をとればよいか。', NULL, '2025-09-25 00:56:29', '2025-09-25 00:56:29', 18),
(89, 3, 'ある日、銀行は客から戻ってきた16,000枚の小切手を持っていた。800枚を検査したところ100枚に誤りがあった。そのため誤りの小切手はすぐには処理できなかった。この割合でいくと、その日すぐに処理できた小切手は何枚か。', NULL, '2025-09-25 00:56:29', '2025-09-25 00:56:29', 19),
(90, 3, 'ある会社で男子従業員の20%、女子社員の40%が会社のピクニックに参加した。全従業員の35%が男子であれば、全従業員の何%がピクニックに行ったことになるか。', NULL, '2025-09-25 00:56:29', '2025-09-25 00:56:29', 20),
(91, 3, 'ノート製造業者がAノートの価格を1冊当り30円から28円に下げ、Bノートの価格を1冊当り24円から23円に下げた。ある事務所はこれまで毎月ノートに1,440円使い、その3/4がAノートに費やされてきた。新しい価格では毎月いくら節約できるか。', NULL, '2025-09-25 00:56:29', '2025-09-25 00:56:29', 21),
(92, 3, '12人で構成されるプログラミング・ティームがある。そのうち1/3が女子、2/3が男子である。女子の比率を20%にするには男子を何人雇えばいいか。', NULL, '2025-09-25 00:56:29', '2025-09-25 00:56:29', 22),
(93, 3, '寸法が48×30×52メートルの機械がある。もし機械が各辺比例して大きくなり、寸法の和が156メートルになったとしたら、最も短い辺は何メートルになるか。', NULL, '2025-09-25 00:56:29', '2025-09-25 00:56:29', 23),
(94, 3, 'ある会社で応接室に敷くカーペットが37.8平方メートル必要になり、無駄をみこんで必要量より20%多く注文することに決定した。カーペットは平方メートル以下の単位で発注することはできない。1平方メートル当り9千円とすると全体でいくらになるか。', NULL, '2025-09-25 00:56:29', '2025-09-25 00:56:29', 24),
(95, 3, 'フットボール大会のプログラムを作るのに１部70円かかる。もし広告料が1,500,000円得られるとしたら、800,000円の利益をあげるために１部50円のプログラムを何部売らなければならないか。', NULL, '2025-09-25 00:56:29', '2025-09-25 00:56:29', 25);

-- --------------------------------------------------------

--
-- テーブルの構造 `sessions`
--

CREATE TABLE `sessions` (
  `id` varchar(255) COLLATE utf8mb4_unicode_ci NOT NULL,
  `user_id` bigint UNSIGNED DEFAULT NULL,
  `ip_address` varchar(45) COLLATE utf8mb4_unicode_ci DEFAULT NULL,
  `user_agent` text COLLATE utf8mb4_unicode_ci,
  `payload` longtext COLLATE utf8mb4_unicode_ci NOT NULL,
  `last_activity` int NOT NULL
) ENGINE=InnoDB DEFAULT CHARSET=utf8mb4 COLLATE=utf8mb4_unicode_ci;

--
-- テーブルのデータのダンプ `sessions`
--

INSERT INTO `sessions` (`id`, `user_id`, `ip_address`, `user_agent`, `payload`, `last_activity`) VALUES
('OcOwy6frsCJkuYmjXCx6tqzLWQ93wLJfbqtiH5Le', 1, '172.25.0.1', 'Mozilla/5.0 (Windows NT 10.0; Win64; x64) AppleWebKit/537.36 (KHTML, like Gecko) Chrome/142.0.0.0 Safari/537.36', 'YTo4OntzOjY6Il90b2tlbiI7czo0MDoiampoRGtZWDVsSTQ2Q3FqZDlTdzNLSjRuaU5BTzY0TDhUWTB5cGNscCI7czo2OiJfZmxhc2giO2E6Mjp7czozOiJvbGQiO2E6MDp7fXM6MzoibmV3IjthOjA6e319czoyMToidmVyaWZpZWRfc2Vzc2lvbl9jb2RlIjtzOjg6IlRFU1QwMDAwIjtzOjE2OiJjdXJyZW50X2V2ZW50X2lkIjtpOjE7czoxODoiY3VycmVudF9ldmVudF9uYW1lIjtzOjM2OiLjg4bjgrnjg4jnlKjjgrvjg4Pjgrfjg6fjg7PjgrPjg7zjg4kiO3M6NTA6ImxvZ2luX3dlYl81OWJhMzZhZGRjMmIyZjk0MDE1ODBmMDE0YzdmNThlYTRlMzA5ODlkIjtpOjE7czo5OiJfcHJldmlvdXMiO2E6MTp7czozOiJ1cmwiO3M6MzY6Imh0dHA6Ly9sb2NhbGhvc3Qvc2FuY3R1bS9jc3JmLWNvb2tpZSI7fXM6MjI6IlBIUERFQlVHQkFSX1NUQUNLX0RBVEEiO2E6MTp7czoyNjoiMDFLQkVLUUc0QloxRFJKMzNNWEdDQlo0SjAiO047fX0=', 1764650251);

--
-- ダンプしたテーブルのインデックス
--

--
-- テーブルのインデックス `admins`
--
ALTER TABLE `admins`
  ADD PRIMARY KEY (`id`),
  ADD UNIQUE KEY `admins_email_unique` (`email`);

--
-- テーブルのインデックス `answers`
--
ALTER TABLE `answers`
  ADD PRIMARY KEY (`id`),
  ADD UNIQUE KEY `answers_user_id_question_id_unique` (`user_id`,`question_id`);

--
-- テーブルのインデックス `choices`
--
ALTER TABLE `choices`
  ADD PRIMARY KEY (`id`),
  ADD UNIQUE KEY `choices_question_id_label_unique` (`question_id`,`label`,`part`) USING BTREE;

--
-- テーブルのインデックス `events`
--
ALTER TABLE `events`
  ADD PRIMARY KEY (`id`);

--
-- テーブルのインデックス `exam_sessions`
--
ALTER TABLE `exam_sessions`
  ADD PRIMARY KEY (`id`),
  ADD UNIQUE KEY `exam_sessions_session_uuid_unique` (`session_uuid`),
  ADD KEY `idx_user_disqualified` (`user_id`,`disqualified_at`),
  ADD KEY `exam_sessions_session_uuid_index` (`session_uuid`),
  ADD KEY `exam_sessions_event_id_index` (`event_id`);

--
-- テーブルのインデックス `practice_choices`
--
ALTER TABLE `practice_choices`
  ADD PRIMARY KEY (`id`),
  ADD KEY `practice_choices_question_id_foreign` (`question_id`);

--
-- テーブルのインデックス `practice_questions`
--
ALTER TABLE `practice_questions`
  ADD PRIMARY KEY (`id`);

--
-- テーブルのインデックス `questions`
--
ALTER TABLE `questions`
  ADD PRIMARY KEY (`id`);

--
-- テーブルのインデックス `sessions`
--
ALTER TABLE `sessions`
  ADD PRIMARY KEY (`id`),
  ADD KEY `sessions_user_id_index` (`user_id`),
  ADD KEY `sessions_last_activity_index` (`last_activity`);

--
-- ダンプしたテーブルの AUTO_INCREMENT
--

--
-- テーブルの AUTO_INCREMENT `admins`
--
ALTER TABLE `admins`
  MODIFY `id` bigint UNSIGNED NOT NULL AUTO_INCREMENT, AUTO_INCREMENT=4;

--
-- テーブルの AUTO_INCREMENT `answers`
--
ALTER TABLE `answers`
  MODIFY `id` bigint UNSIGNED NOT NULL AUTO_INCREMENT, AUTO_INCREMENT=335;

--
-- テーブルの AUTO_INCREMENT `choices`
--
ALTER TABLE `choices`
  MODIFY `id` bigint UNSIGNED NOT NULL AUTO_INCREMENT, AUTO_INCREMENT=476;

--
-- テーブルの AUTO_INCREMENT `events`
--
ALTER TABLE `events`
  MODIFY `id` bigint UNSIGNED NOT NULL AUTO_INCREMENT, AUTO_INCREMENT=10;

--
-- テーブルの AUTO_INCREMENT `exam_sessions`
--
ALTER TABLE `exam_sessions`
  MODIFY `id` bigint UNSIGNED NOT NULL AUTO_INCREMENT, AUTO_INCREMENT=80;

--
-- テーブルの AUTO_INCREMENT `practice_choices`
--
ALTER TABLE `practice_choices`
  MODIFY `id` bigint UNSIGNED NOT NULL AUTO_INCREMENT, AUTO_INCREMENT=41;

--
-- テーブルの AUTO_INCREMENT `practice_questions`
--
ALTER TABLE `practice_questions`
  MODIFY `id` bigint UNSIGNED NOT NULL AUTO_INCREMENT, AUTO_INCREMENT=9;

--
-- テーブルの AUTO_INCREMENT `questions`
--
ALTER TABLE `questions`
  MODIFY `id` bigint UNSIGNED NOT NULL AUTO_INCREMENT, AUTO_INCREMENT=96;

--
-- ダンプしたテーブルの制約
--

--
-- テーブルの制約 `answers`
--
ALTER TABLE `answers`
  ADD CONSTRAINT `answers_user_id_foreign` FOREIGN KEY (`user_id`) REFERENCES `users` (`id`) ON DELETE CASCADE;

--
-- テーブルの制約 `choices`
--
ALTER TABLE `choices`
  ADD CONSTRAINT `choices_question_id_foreign` FOREIGN KEY (`question_id`) REFERENCES `questions` (`id`) ON DELETE CASCADE;

--
-- テーブルの制約 `exam_sessions`
--
ALTER TABLE `exam_sessions`
  ADD CONSTRAINT `exam_sessions_event_id_foreign` FOREIGN KEY (`event_id`) REFERENCES `events` (`id`) ON DELETE SET NULL,
  ADD CONSTRAINT `exam_sessions_user_id_foreign` FOREIGN KEY (`user_id`) REFERENCES `users` (`id`) ON DELETE CASCADE;

--
-- テーブルの制約 `practice_choices`
--
ALTER TABLE `practice_choices`
  ADD CONSTRAINT `practice_choices_question_id_foreign` FOREIGN KEY (`question_id`) REFERENCES `practice_questions` (`id`) ON DELETE CASCADE;
COMMIT;

/*!40101 SET CHARACTER_SET_CLIENT=@OLD_CHARACTER_SET_CLIENT */;
/*!40101 SET CHARACTER_SET_RESULTS=@OLD_CHARACTER_SET_RESULTS */;
/*!40101 SET COLLATION_CONNECTION=@OLD_COLLATION_CONNECTION */;
